playerID,yearID,stint,teamID,lgID,W,L,G,GS,CG,SHO,SV,IPouts,H,ER,HR,BB,SO,BAOpp,ERA,IBB,WP,HBP,BK,BFP,GF,R,SH,SF,GIDP,salary,birthYear,birthMonth,weight,height,throws,salary-bin
abadfe01,2016,1,16,0,1,4,39,0,0,0,1,102,27,10,2,14,29,0.22,2.65,2.0,0,0.0,1,138.0,8,11,0.0,1.0,6.0,1250000.0,1985.0,12.0,235.0,74.0,0,mid
alberma01,2016,1,4,0,2,6,58,1,0,0,0,154,67,36,10,19,30,0.321,6.31,1.0,4,3.0,0,237.0,11,44,3.0,2.0,4.0,2000000.0,1983.0,1.0,225.0,73.0,1,mid
allenco01,2016,1,7,0,3,5,67,0,0,0,32,204,41,19,8,27,87,0.177,2.51,2.0,3,0.0,0,264.0,55,23,3.0,2.0,7.0,4150000.0,1988.0,11.0,210.0,73.0,1,high
alvarjo02,2016,1,12,0,1,3,64,0,0,0,0,172,71,22,4,15,51,0.298,3.45,4.0,2,1.0,0,256.0,12,29,1.0,1.0,5.0,507500.0,1989.0,5.0,195.0,71.0,0,low
anderbr04,2016,1,13,1,1,2,4,3,0,0,0,34,25,15,4,4,5,0.446,11.91,0.0,2,0.0,0,62.0,0,15,1.0,1.0,0.0,15800000.0,1988.0,2.0,230.0,76.0,0,high
anderch01,2016,1,15,1,9,11,31,30,0,0,0,455,155,74,28,53,120,0.266,4.39,0.0,4,4.0,0,647.0,1,83,4.0,3.0,12.0,520200.0,1987.0,11.0,210.0,73.0,1,low
anderco01,2016,1,7,0,2,5,19,9,0,0,0,182,85,45,13,13,54,0.333,6.68,3.0,5,1.0,0,270.0,2,45,0.0,1.0,4.0,511400.0,1990.0,9.0,240.0,76.0,1,low
anderty01,2016,1,8,1,5,6,19,19,0,0,0,343,119,45,12,28,99,0.272,3.54,2.0,4,3.0,3,478.0,0,50,6.0,3.0,13.0,509500.0,1989.0,12.0,220.0,74.0,0,low
archech01,2016,1,26,0,9,19,33,33,0,0,0,604,183,90,30,67,233,0.238,4.02,0.0,11,3.0,0,850.0,0,100,6.0,4.0,12.0,2916667.0,1988.0,9.0,195.0,74.0,1,mid
arrieja01,2016,1,5,1,18,8,31,31,1,1,0,592,138,68,16,76,190,0.194,3.1,1.0,16,6.0,0,795.0,0,72,2.0,1.0,17.0,10700000.0,1986.0,3.0,230.0,76.0,1,high
axforjo01,2016,1,19,0,6,4,68,0,0,0,3,197,65,29,6,30,60,0.258,3.97,1.0,4,3.0,0,289.0,13,30,2.0,2.0,7.0,4500000.0,1983.0,4.0,234.0,77.0,1,high
baezpe01,2016,1,13,1,3,2,73,0,0,0,0,222,52,25,11,22,83,0.195,3.04,0.0,3,2.0,2,295.0,10,27,1.0,2.0,3.0,520000.0,1988.0,3.0,232.0,72.0,1,low
baileho02,2016,1,6,1,2,3,6,6,0,0,0,69,35,17,2,7,27,0.35,6.65,0.0,1,2.0,0,111.0,0,19,0.0,2.0,1.0,18000000.0,1986.0,5.0,223.0,76.0,1,high
barbajo01,2016,1,17,0,1,2,13,0,0,0,0,39,13,11,2,5,15,0.26,7.62,0.0,0,2.0,0,57.0,5,11,0.0,0.0,0.0,507500.0,1992.0,7.0,231.0,73.0,1,low
barneda01,2016,1,28,0,0,1,1,0,0,0,0,3,1,1,1,0,1,0.25,9.0,0.0,0,0.0,0,4.0,1,1,0.0,0.0,0.0,1050000.0,1985.0,11.0,180.0,70.0,1,mid
barnema01,2016,1,3,0,4,3,62,0,0,0,1,200,62,30,6,31,71,0.248,4.05,1.0,4,3.0,0,287.0,13,32,2.0,1.0,3.0,511000.0,1990.0,6.0,208.0,76.0,1,low
barneto01,2016,1,27,0,7,3,53,0,0,0,0,181,54,14,4,16,49,0.242,2.09,1.0,6,4.0,0,246.0,9,16,1.0,2.0,10.0,1500000.0,1983.0,11.0,190.0,73.0,1,mid
barreja01,2016,1,0,1,1,2,68,0,0,0,4,178,47,23,6,28,56,0.218,3.49,4.0,4,3.0,0,250.0,12,25,0.0,3.0,4.0,507500.0,1991.0,7.0,240.0,76.0,1,low
bassich01,2016,1,19,0,0,2,5,5,0,0,0,84,35,19,5,14,23,0.294,6.11,0.0,2,0.0,0,133.0,0,20,0.0,0.0,3.0,510000.0,1989.0,2.0,217.0,77.0,1,low
bastaan01,2016,1,18,1,0,0,41,0,0,0,0,131,41,23,8,21,46,0.244,4.74,2.0,1,3.0,2,195.0,11,24,2.0,1.0,2.0,5375000.0,1985.0,9.0,202.0,71.0,0,high
bauertr01,2016,1,7,0,12,8,35,28,1,0,0,570,179,90,20,70,168,0.248,4.26,1.0,3,9.0,0,811.0,3,96,4.0,7.0,12.0,1697500.0,1991.0,1.0,205.0,73.0,1,mid
baumabu01,2016,1,22,1,1,0,11,0,0,0,0,29,7,4,0,4,10,0.2,3.72,0.0,0,1.0,0,40.0,2,4,0.0,0.0,0.0,520000.0,1987.0,12.0,198.0,71.0,0,low
bedroca01,2016,1,12,0,2,0,45,0,0,0,1,121,30,5,1,14,51,0.207,1.12,1.0,3,2.0,0,162.0,9,7,0.0,1.0,3.0,510500.0,1991.0,10.0,225.0,73.0,1,low
belisma01,2016,1,29,1,0,0,40,0,0,0,0,138,43,9,2,7,32,0.244,1.76,3.0,2,1.0,0,186.0,6,13,1.0,1.0,4.0,1250000.0,1980.0,6.0,230.0,75.0,1,mid
benoijo01,2016,1,23,0,1,1,26,0,0,0,0,73,20,14,4,15,28,0.215,5.18,1.0,1,1.0,0,111.0,2,16,1.0,1.0,0.0,7500000.0,1977.0,7.0,250.0,76.0,1,high
bergmch01,2016,1,8,1,1,3,15,1,0,0,0,74,39,23,7,6,22,0.355,8.39,0.0,0,0.0,0,119.0,5,24,2.0,1.0,2.0,512500.0,1988.0,5.0,195.0,73.0,1,low
betande01,2016,1,17,0,3,6,73,0,0,0,12,219,54,25,5,28,126,0.201,3.08,0.0,6,1.0,0,299.0,20,31,1.0,1.0,4.0,507500.0,1988.0,3.0,265.0,80.0,1,low
bethach01,2016,1,22,1,0,0,2,0,0,0,0,5,1,0,0,3,1,0.167,0.0,0.0,0,1.0,0,10.0,1,0,0.0,0.0,0.0,511200.0,1991.0,9.0,205.0,75.0,1,low
bettich01,2016,1,8,1,14,8,32,32,1,1,0,558,204,99,22,59,138,0.278,4.79,5.0,4,7.0,0,814.0,0,107,10.0,3.0,11.0,512500.0,1989.0,4.0,201.0,72.0,1,low
biagijo01,2016,1,28,0,4,3,60,0,0,0,1,203,69,23,3,19,62,0.259,3.06,1.0,3,5.0,0,295.0,12,28,2.0,3.0,4.0,507500.0,1990.0,5.0,235.0,77.0,1,low
blantjo01,2016,1,13,1,7,2,75,0,0,0,0,240,55,22,7,26,80,0.194,2.48,4.0,3,2.0,0,315.0,15,23,0.0,3.0,5.0,4000000.0,1980.0,12.0,225.0,75.0,1,high
blazemi01,2016,1,15,1,3,1,41,0,0,0,0,124,52,26,7,27,36,0.311,5.66,3.0,2,2.0,0,201.0,7,31,1.0,4.0,5.0,514200.0,1989.0,3.0,205.0,72.0,1,low
blevije01,2016,1,18,1,4,2,73,0,0,0,2,126,36,13,4,15,52,0.229,2.79,3.0,1,1.0,0,178.0,8,14,2.0,3.0,1.0,4000000.0,1983.0,9.0,182.0,76.0,0,high
bolsimi01,2016,1,13,1,1,4,6,6,0,0,0,83,33,21,7,9,25,0.303,6.83,1.0,0,2.0,0,122.0,0,21,2.0,0.0,2.0,515000.0,1988.0,1.0,215.0,73.0,1,low
bowmama01,2016,1,25,1,2,5,59,0,0,0,0,203,59,26,4,20,52,0.229,3.46,2.0,0,1.0,0,281.0,12,31,1.0,1.0,8.0,507500.0,1991.0,5.0,185.0,72.0,1,low
boxbebr01,2016,1,26,0,4,3,27,0,0,0,0,73,23,13,3,19,22,0.25,4.81,1.0,0,2.0,0,114.0,3,13,0.0,1.0,1.0,519200.0,1988.0,5.0,211.0,70.0,1,low
boyerbl01,2016,1,15,1,2,4,61,0,0,0,1,198,80,29,4,17,26,0.305,3.95,3.0,0,1.0,0,282.0,17,30,0.0,2.0,11.0,950000.0,1981.0,7.0,235.0,75.0,1,mid
brachbr01,2016,1,2,0,10,4,71,0,0,0,2,237,57,18,7,25,92,0.201,2.05,1.0,4,0.0,1,311.0,16,23,0.0,3.0,7.0,1250000.0,1986.0,4.0,215.0,78.0,1,mid
brachsi01,2016,1,0,1,0,2,26,0,0,0,0,74,31,20,7,10,17,0.295,7.3,1.0,3,3.0,0,119.0,11,22,0.0,1.0,2.0,509300.0,1992.0,7.0,190.0,70.0,1,low
breslcr01,2016,1,14,1,0,2,15,0,0,0,0,42,21,7,1,4,7,0.362,4.5,0.0,2,0.0,0,63.0,4,9,1.0,0.0,2.0,1500000.0,1980.0,8.0,190.0,72.0,0,mid
brittza01,2016,1,2,0,2,1,69,0,0,0,47,201,38,4,1,18,74,0.162,0.54,3.0,10,0.0,0,254.0,63,7,1.0,0.0,4.0,6750000.0,1987.0,12.0,200.0,73.0,0,high
broxtjo01,2016,1,25,1,4,2,66,0,0,0,0,182,52,29,7,24,57,0.229,4.3,5.0,1,3.0,0,259.0,14,32,2.0,3.0,1.0,3750000.0,1984.0,6.0,285.0,76.0,1,mid
buchhcl01,2016,1,3,0,8,10,37,21,0,0,0,418,130,74,21,55,93,0.25,4.78,1.0,1,5.0,0,588.0,7,80,2.0,6.0,17.0,13000000.0,1984.0,8.0,190.0,75.0,1,high
buchtry01,2016,1,22,1,3,0,67,0,0,0,1,189,34,20,4,31,78,0.16,2.86,3.0,3,2.0,0,247.0,10,20,0.0,2.0,4.0,520000.0,1987.0,2.0,230.0,76.0,0,low
bumgama01,2016,1,24,1,15,9,34,34,4,1,0,680,179,69,26,54,251,0.213,2.74,0.0,4,8.0,1,912.0,0,79,3.0,6.0,15.0,9916667.0,1989.0,8.0,257.0,76.0,0,high
bundydy01,2016,1,2,0,10,6,36,14,0,0,0,329,109,49,18,42,104,0.257,4.02,4.0,0,6.0,0,474.0,6,52,1.0,1.0,6.0,1800000.0,1992.0,11.0,225.0,73.0,1,mid
buterdr01,2016,1,11,0,0,0,2,0,0,0,0,4,1,0,0,0,1,0.2,0.0,0.0,0,0.0,0,5.0,2,0,0.0,0.0,0.0,1162500.0,1983.0,8.0,212.0,73.0,1,mid
cahiltr01,2016,1,5,1,4,4,50,1,0,0,0,197,49,20,7,35,66,0.201,2.74,3.0,3,5.0,0,284.0,16,22,0.0,0.0,5.0,4250000.0,1988.0,3.0,223.0,76.0,1,high
cainma01,2016,1,24,1,4,8,21,17,0,0,0,268,103,56,16,32,72,0.299,5.64,1.0,5,6.0,0,397.0,2,58,8.0,6.0,8.0,20833333.0,1984.0,10.0,230.0,75.0,1,high
caminar01,2016,1,21,1,1,2,39,0,0,0,1,123,46,16,4,22,32,0.289,3.51,0.0,1,4.0,0,187.0,9,17,1.0,1.0,5.0,532500.0,1987.0,6.0,245.0,76.0,1,mid
capuach01,2016,1,15,1,1,1,16,0,0,0,0,72,23,11,7,15,27,0.256,4.13,2.0,1,1.0,0,106.0,3,11,0.0,0.0,4.0,1500000.0,1978.0,8.0,225.0,74.0,0,mid
carraca01,2016,1,7,0,11,8,25,25,1,1,0,439,134,54,21,34,150,0.24,3.32,2.0,4,3.0,1,599.0,0,64,1.0,3.0,9.0,4500000.0,1987.0,3.0,224.0,76.0,1,high
cashnan01,2016,1,22,1,4,7,16,16,0,0,0,238,80,42,13,30,67,0.264,4.76,0.0,1,6.0,0,347.0,0,47,4.0,3.0,10.0,7150000.0,1986.0,9.0,235.0,78.0,1,high
castrmi01,2016,1,8,1,0,0,19,0,0,0,0,44,18,10,3,5,12,0.3,6.14,0.0,0,1.0,0,67.0,4,10,1.0,0.0,1.0,509500.0,1994.0,12.0,205.0,79.0,1,low
cecilbr01,2016,1,28,0,1,7,54,0,0,0,0,110,39,16,6,8,45,0.269,3.93,0.0,0,2.0,0,157.0,8,17,1.0,1.0,3.0,3800000.0,1986.0,7.0,200.0,74.0,0,high
cedenxa01,2016,1,26,0,3,4,54,0,0,0,0,124,36,17,2,13,43,0.229,3.7,1.0,3,0.0,0,174.0,7,17,1.0,2.0,2.0,524100.0,1986.0,8.0,210.0,71.0,0,low
cessalu01,2016,1,17,0,4,4,17,9,0,0,0,211,64,34,16,14,46,0.241,4.35,0.0,2,3.0,0,285.0,5,36,1.0,1.0,3.0,507500.0,1992.0,4.0,208.0,72.0,1,low
chafian01,2016,1,0,1,0,1,32,0,0,0,0,68,22,17,1,11,28,0.259,6.75,1.0,2,1.0,0,98.0,1,18,1.0,0.0,5.0,519700.0,1990.0,6.0,235.0,74.0,0,low
chapmar01,2016,1,17,0,3,0,31,0,0,0,20,94,20,7,2,8,44,0.179,2.01,0.0,2,0.0,1,120.0,29,8,0.0,0.0,2.0,9468443.0,1988.0,2.0,218.0,76.0,0,high
chatwty01,2016,1,8,1,12,9,27,27,0,0,0,474,147,68,15,70,117,0.25,3.87,2.0,7,5.0,0,669.0,0,75,2.0,3.0,22.0,1000000.0,1989.0,12.0,200.0,71.0,1,mid
chaveje01,2016,1,28,0,1,2,39,0,0,0,0,124,43,21,9,10,42,0.269,4.57,0.0,1,2.0,0,173.0,6,22,0.0,1.0,4.0,4000000.0,1983.0,8.0,175.0,73.0,1,high
chenwe02,2016,1,14,1,5,5,22,22,0,0,0,370,134,68,22,24,100,0.276,4.96,0.0,1,3.0,0,520.0,0,69,3.0,4.0,10.0,12500000.0,1985.0,7.0,200.0,72.0,0,high
cingrto01,2016,1,6,1,2,5,65,0,0,0,17,189,54,29,5,37,49,0.236,4.14,1.0,3,3.0,1,271.0,34,30,1.0,1.0,5.0,530000.0,1989.0,7.0,217.0,76.0,0,mid
cishest01,2016,1,23,0,4,6,62,0,0,0,25,192,44,20,8,21,76,0.19,2.81,2.0,4,4.0,0,258.0,40,21,1.0,0.0,2.0,4000000.0,1986.0,6.0,215.0,78.0,1,high
clippty01,2016,1,0,1,2,3,40,0,0,0,1,113,34,18,7,15,46,0.245,4.3,0.0,1,0.0,3,155.0,10,18,1.0,0.0,1.0,6100000.0,1985.0,2.0,200.0,75.0,1,high
cobbal01,2016,1,26,0,1,2,5,5,0,0,0,66,32,21,5,7,16,0.337,8.59,0.0,0,0.0,0,104.0,0,22,1.0,1.0,1.0,4000000.0,1987.0,10.0,205.0,75.0,1,high
colege01,2016,1,21,1,7,10,21,21,1,0,0,348,131,50,7,36,98,0.289,3.88,3.0,5,6.0,1,506.0,0,57,4.0,6.0,9.0,548000.0,1990.0,9.0,220.0,76.0,1,mid
colemlo01,2016,1,13,1,2,1,61,0,0,0,0,144,45,25,5,24,45,0.25,4.69,2.0,3,3.0,0,211.0,11,27,2.0,2.0,3.0,725000.0,1986.0,4.0,205.0,76.0,1,mid
colomal01,2016,1,26,0,2,4,57,0,0,0,37,170,43,12,6,15,71,0.206,1.91,1.0,1,2.0,0,226.0,48,12,0.0,0.0,5.0,521700.0,1988.0,12.0,225.0,73.0,1,low
colonba01,2016,1,18,1,15,8,34,33,0,0,0,575,200,73,24,32,128,0.268,3.43,2.0,0,3.0,0,791.0,0,81,7.0,4.0,19.0,7250000.0,1973.0,5.0,285.0,71.0,1,high
conlead01,2016,1,14,1,8,6,25,25,0,0,0,400,125,57,13,62,124,0.25,3.85,7.0,9,11.0,0,584.0,0,59,7.0,3.0,14.0,512500.0,1990.0,5.0,209.0,75.0,0,low
corbipa01,2016,1,0,1,5,13,36,24,0,0,1,467,177,89,24,66,131,0.286,5.15,2.0,9,5.0,0,701.0,6,109,6.0,5.0,15.0,2525000.0,1989.0,7.0,220.0,76.0,0,mid
cosarja01,2016,1,14,1,0,1,4,4,0,0,0,59,19,13,0,16,11,0.257,5.95,2.0,2,0.0,0,92.0,0,14,1.0,1.0,3.0,550000.0,1990.0,5.0,206.0,75.0,1,mid
cothaca01,2016,1,6,1,0,3,23,0,0,0,0,73,32,20,3,12,21,0.323,7.4,2.0,1,3.0,0,117.0,3,21,1.0,2.0,2.0,509675.0,1987.0,11.0,215.0,75.0,1,low
cuetojo01,2016,1,24,1,18,5,32,32,5,2,0,659,195,68,15,45,198,0.238,2.79,1.0,3,8.0,1,881.0,0,71,7.0,3.0,13.0,17500000.0,1986.0,2.0,229.0,71.0,1,high
danksjo01,2016,1,4,0,0,4,4,4,0,0,0,67,28,18,5,11,16,0.322,7.25,0.0,1,0.0,0,100.0,0,20,0.0,2.0,4.0,15750000.0,1985.0,4.0,210.0,73.0,0,high
darviyu01,2016,1,27,0,7,5,17,17,0,0,0,301,81,38,12,31,132,0.214,3.41,1.0,6,3.0,0,416.0,0,43,0.0,4.0,3.0,10000000.0,1986.0,8.0,220.0,77.0,1,high
daviswa01,2016,1,11,0,2,1,45,0,0,0,27,130,33,9,0,16,47,0.21,1.87,0.0,4,3.0,0,176.0,40,9,0.0,0.0,4.0,8000000.0,1985.0,9.0,225.0,77.0,1,high
degroja01,2016,1,18,1,7,8,24,24,1,1,0,444,142,50,15,36,143,0.255,3.04,0.0,4,3.0,0,604.0,0,53,5.0,3.0,15.0,607000.0,1988.0,6.0,180.0,76.0,1,mid
delarjo01,2016,1,8,1,8,9,27,24,0,0,0,402,157,82,23,63,108,0.293,5.51,3.0,7,8.0,1,614.0,0,93,4.0,3.0,15.0,12500000.0,1981.0,4.0,215.0,73.0,0,high
delarru01,2016,1,0,1,4,5,13,10,0,0,0,152,43,24,8,20,54,0.219,4.26,1.0,2,4.0,1,222.0,1,26,1.0,1.0,0.0,2350000.0,1989.0,3.0,210.0,72.0,1,mid
delgara01,2016,1,0,1,5,2,79,0,0,0,0,225,77,37,8,36,68,0.265,4.44,3.0,7,2.0,0,337.0,14,39,3.0,5.0,4.0,1275000.0,1990.0,2.0,220.0,76.0,1,mid
desclan01,2016,1,6,1,9,5,20,20,1,1,0,370,120,45,16,30,105,0.259,3.28,2.0,6,4.0,1,507.0,0,51,7.0,3.0,12.0,540000.0,1990.0,4.0,195.0,74.0,1,mid
detwiro01,2016,1,7,0,0,0,7,0,0,0,0,14,3,3,1,4,3,0.188,5.79,0.0,0,0.0,0,21.0,0,3,0.0,1.0,1.0,1000000.0,1986.0,3.0,210.0,77.0,0,mid
diazju03,2016,1,6,1,1,1,45,0,0,0,0,129,36,15,8,19,37,0.224,3.14,1.0,5,1.0,0,182.0,11,20,1.0,0.0,4.0,525000.0,1984.0,2.0,315.0,76.0,1,low
dickera01,2016,1,28,0,10,15,30,29,0,0,0,509,169,84,28,63,126,0.258,4.46,0.0,5,6.0,1,728.0,1,97,1.0,3.0,21.0,12000000.0,1974.0,10.0,215.0,75.0,1,high
diekmja01,2016,1,27,0,4,2,66,0,0,0,4,159,36,20,4,26,59,0.189,3.4,1.0,3,3.0,0,221.0,14,22,0.0,2.0,5.0,1255000.0,1987.0,1.0,195.0,76.0,0,mid
doolise01,2016,1,19,0,2,3,44,0,0,0,4,117,33,14,6,8,45,0.231,3.23,2.0,1,0.0,0,155.0,13,14,4.0,0.0,1.0,1580000.0,1986.0,9.0,204.0,74.0,0,mid
duffyda01,2016,1,11,0,12,3,42,26,1,0,0,539,163,70,27,42,188,0.241,3.51,0.0,4,7.0,0,731.0,5,71,4.0,2.0,13.0,4225000.0,1988.0,12.0,205.0,75.0,0,high
dukeza01,2016,1,4,0,2,0,53,0,0,0,1,113,31,11,2,16,42,0.225,2.63,3.0,2,2.0,0,159.0,9,11,2.0,1.0,4.0,5000000.0,1983.0,4.0,210.0,74.0,0,high
dullry01,2016,1,19,0,5,5,70,0,0,0,3,223,50,20,10,15,73,0.186,2.42,4.0,6,1.0,0,290.0,9,23,0.0,5.0,2.0,507500.0,1989.0,10.0,185.0,69.0,1,low
dunnmi01,2016,1,14,1,6,1,51,0,0,0,0,127,43,16,5,11,38,0.27,3.4,0.0,2,3.0,0,176.0,5,16,1.0,2.0,3.0,3450000.0,1985.0,5.0,212.0,72.0,0,mid
dysonsa01,2016,1,27,0,3,2,73,0,0,0,38,211,63,19,5,23,55,0.244,2.43,0.0,3,3.0,0,285.0,53,19,1.0,0.0,12.0,525270.0,1988.0,5.0,212.0,73.0,1,low
edginjo01,2016,1,18,1,1,0,16,0,0,0,0,31,10,6,1,6,11,0.27,5.23,0.0,1,0.0,0,45.0,4,6,0.0,2.0,2.0,625000.0,1986.0,12.0,245.0,73.0,0,mid
eickhje01,2016,1,20,1,11,14,33,33,0,0,0,592,187,80,30,42,167,0.251,3.65,2.0,6,8.0,2,811.0,0,88,6.0,10.0,14.0,516000.0,1990.0,7.0,246.0,76.0,1,low
eovalna01,2016,1,17,0,9,8,24,21,0,0,0,374,123,66,23,40,97,0.255,4.76,2.0,5,1.0,0,525.0,2,66,1.0,1.0,8.0,5600000.0,1990.0,2.0,217.0,74.0,1,high
escobed01,2016,1,16,0,0,0,1,0,0,0,0,3,1,0,0,0,0,0.25,0.0,0.0,0,0.0,0,4.0,1,0,0.0,0.0,0.0,2150000.0,1989.0,1.0,193.0,70.0,1,mid
estrama01,2016,1,28,0,9,9,29,29,0,0,0,528,132,68,23,65,165,0.203,3.48,1.0,5,4.0,0,723.0,0,73,0.0,3.0,6.0,11500000.0,1983.0,7.0,180.0,72.0,1,high
evelada01,2016,1,26,0,0,1,33,0,0,0,0,69,32,23,3,19,21,0.333,9.0,3.0,0,3.0,0,119.0,8,23,0.0,1.0,3.0,895000.0,1983.0,10.0,235.0,73.0,0,mid
familje01,2016,1,18,1,3,4,78,0,0,0,51,233,63,22,1,31,84,0.22,2.55,6.0,3,1.0,0,321.0,67,25,2.0,1.0,10.0,4100000.0,1989.0,10.0,240.0,75.0,1,high
farmebu01,2016,1,9,0,0,1,14,1,0,0,0,88,25,15,4,20,27,0.231,4.6,1.0,2,1.0,0,131.0,7,15,1.0,1.0,3.0,509500.0,1991.0,2.0,232.0,76.0,1,low
farquda01,2016,1,26,0,1,0,35,0,0,0,0,106,33,12,8,15,46,0.241,3.06,1.0,1,4.0,0,158.0,11,14,2.0,0.0,1.0,527000.0,1987.0,2.0,185.0,69.0,1,low
faulkan01,2016,1,27,0,0,0,9,0,0,0,0,20,8,5,3,4,1,0.286,6.75,1.0,2,0.0,0,32.0,1,7,0.0,0.0,1.0,508500.0,1992.0,9.0,205.0,75.0,0,low
feldmsc01,2016,1,10,0,5,3,26,5,0,0,0,186,64,20,8,13,42,0.264,2.9,3.0,0,3.0,0,265.0,9,27,4.0,3.0,4.0,8000000.0,1983.0,2.0,225.0,78.0,1,high
felizmi01,2016,1,10,0,8,1,47,0,0,0,0,195,55,32,10,22,95,0.224,4.43,0.0,6,0.0,0,270.0,17,33,0.0,2.0,1.0,508200.0,1993.0,6.0,250.0,76.0,1,low
felizne01,2016,1,21,1,4,2,62,0,0,0,2,161,40,21,10,21,61,0.207,3.52,1.0,3,1.0,0,218.0,6,21,2.0,1.0,5.0,3900000.0,1988.0,5.0,235.0,75.0,1,high
fernajo02,2016,1,14,1,16,8,29,29,0,0,0,547,149,58,13,55,253,0.224,2.86,6.0,9,6.0,1,737.0,0,63,7.0,5.0,14.0,2800000.0,1992.0,7.0,240.0,75.0,1,mid
fieldjo03,2016,1,10,0,0,0,15,0,0,0,0,47,23,12,2,3,20,0.343,6.89,0.0,0,0.0,0,71.0,7,14,0.0,1.0,2.0,900000.0,1985.0,8.0,191.0,72.0,1,mid
fienca01,2016,1,16,0,1,0,14,0,0,0,0,41,21,12,5,3,12,0.35,7.9,0.0,1,0.0,0,63.0,2,12,0.0,0.0,2.0,2275000.0,1983.0,10.0,210.0,74.0,1,mid
fiersmi01,2016,1,10,0,11,8,31,30,0,0,0,506,187,84,26,42,134,0.28,4.48,0.0,17,7.0,0,724.0,0,89,3.0,5.0,6.0,524100.0,1985.0,6.0,211.0,74.0,1,low
finnebr01,2016,1,6,1,10,11,31,31,1,0,0,516,150,76,29,84,145,0.236,3.98,2.0,6,4.0,2,734.0,0,86,5.0,5.0,17.0,511500.0,1993.0,4.0,216.0,71.0,0,low
fistedo01,2016,1,10,0,12,13,32,32,0,0,0,541,195,93,24,62,115,0.276,4.64,1.0,10,7.0,0,779.0,0,98,0.0,3.0,20.0,7000000.0,1984.0,2.0,210.0,80.0,1,high
flahery01,2016,1,2,0,0,0,1,0,0,0,0,3,3,2,1,0,0,0.429,18.0,0.0,0,0.0,0,7.0,1,2,0.0,0.0,0.0,1500000.0,1986.0,7.0,205.0,75.0,1,mid
floydga01,2016,1,28,0,2,4,28,0,0,0,0,93,23,14,4,8,30,0.205,4.06,1.0,4,3.0,0,124.0,10,14,0.0,1.0,2.0,1000000.0,1983.0,1.0,245.0,76.0,1,mid
gallayo01,2016,1,2,0,6,8,23,23,0,0,0,354,126,71,16,61,85,0.276,5.42,2.0,6,1.0,0,526.0,0,74,1.0,6.0,13.0,8728776.0,1986.0,2.0,205.0,74.0,1,high
gantjo01,2016,1,1,1,1,4,20,7,0,0,0,150,54,27,7,21,49,0.278,4.86,3.0,4,2.0,0,222.0,6,32,3.0,2.0,4.0,507500.0,1992.0,8.0,200.0,76.0,1,low
garcija01,2016,1,24,1,2,5,62,0,0,0,31,174,50,23,8,19,65,0.235,3.57,2.0,4,5.0,2,241.0,44,23,3.0,1.0,6.0,6500000.0,1980.0,7.0,210.0,72.0,1,high
garcija02,2016,1,25,1,10,13,32,30,1,1,0,515,179,89,26,57,150,0.268,4.67,3.0,8,7.0,0,741.0,0,94,7.0,2.0,21.0,11500000.0,1986.0,7.0,215.0,74.0,0,high
garciyi01,2016,1,13,1,0,0,9,0,0,0,0,25,9,3,0,1,4,0.31,3.24,0.0,0,1.0,0,35.0,1,3,2.0,2.0,1.0,517500.0,1990.0,8.0,228.0,74.0,1,low
garzama01,2016,1,15,1,6,8,19,19,0,0,0,305,117,51,11,36,70,0.283,4.51,2.0,3,3.0,0,461.0,0,67,4.0,4.0,8.0,12209424.0,1983.0,11.0,220.0,76.0,1,high
gausmke01,2016,1,2,0,9,12,30,30,0,0,0,539,183,72,28,47,174,0.262,3.61,1.0,8,5.0,0,757.0,0,76,4.0,3.0,19.0,532000.0,1991.0,1.0,190.0,74.0,1,mid
gearrco01,2016,1,24,1,3,2,56,0,0,0,3,145,42,23,4,14,45,0.233,4.28,2.0,1,1.0,0,197.0,10,24,0.0,2.0,7.0,550000.0,1986.0,4.0,205.0,73.0,1,mid
geedi01,2016,1,11,0,8,9,33,14,0,0,0,375,146,65,24,37,89,0.291,4.68,3.0,1,6.0,1,551.0,3,67,3.0,3.0,10.0,2000000.0,1986.0,4.0,205.0,73.0,1,mid
geltzst01,2016,1,26,0,0,2,27,0,0,0,0,80,24,17,11,9,23,0.238,5.74,0.0,3,1.0,0,112.0,11,17,0.0,1.0,1.0,519300.0,1987.0,11.0,210.0,70.0,1,low
gibsoky01,2016,1,16,0,6,11,25,25,1,0,0,442,175,83,20,55,104,0.298,5.07,3.0,9,4.0,0,653.0,0,89,3.0,4.0,21.0,587500.0,1987.0,10.0,215.0,78.0,1,mid
gileske01,2016,1,10,0,2,5,69,0,0,0,15,197,60,30,8,25,102,0.234,4.11,1.0,14,2.0,0,286.0,24,32,2.0,1.0,0.0,528200.0,1990.0,9.0,210.0,75.0,1,low
givenmy01,2016,1,2,0,8,2,66,0,0,0,0,224,59,26,6,36,96,0.22,3.13,2.0,3,6.0,0,313.0,8,28,2.0,1.0,6.0,511500.0,1990.0,5.0,230.0,72.0,1,low
goinsry01,2016,1,28,0,0,0,1,0,0,0,0,3,2,0,0,1,0,0.5,0.0,1.0,0,0.0,0,5.0,0,0,0.0,0.0,1.0,520200.0,1988.0,2.0,180.0,70.0,1,low
gomezje01,2016,1,20,1,3,5,70,0,0,0,37,206,78,37,6,22,47,0.289,4.85,2.0,3,2.0,0,297.0,59,38,0.0,3.0,10.0,1400000.0,1988.0,2.0,215.0,75.0,1,mid
gonzagi01,2016,1,29,1,11,11,32,32,0,0,0,532,179,90,19,59,171,0.262,4.57,2.0,7,9.0,0,765.0,0,98,8.0,5.0,17.0,12100000.0,1985.0,9.0,205.0,72.0,0,high
graveke01,2016,1,19,0,10,11,31,31,2,1,0,558,196,85,22,47,108,0.271,4.11,2.0,2,7.0,0,786.0,0,87,2.0,6.0,19.0,512500.0,1990.0,12.0,200.0,74.0,1,low
grayjo02,2016,1,8,1,10,10,29,29,1,1,0,504,153,86,18,59,185,0.243,4.61,2.0,7,12.0,0,712.0,0,92,5.0,5.0,10.0,509500.0,1991.0,11.0,225.0,76.0,1,low
grayso01,2016,1,19,0,5,11,22,22,0,0,0,351,133,74,18,42,94,0.286,5.69,0.0,15,2.0,0,517.0,0,80,0.0,7.0,9.0,527500.0,1989.0,11.0,195.0,70.0,1,low
greensh02,2016,1,9,0,5,4,50,3,0,0,2,181,58,39,3,22,59,0.257,5.82,1.0,0,4.0,0,256.0,4,39,2.0,2.0,5.0,517000.0,1988.0,11.0,200.0,76.0,1,low
gregelu01,2016,1,10,0,4,3,59,0,0,0,15,173,38,21,5,18,67,0.183,3.28,2.0,6,2.0,0,230.0,25,23,0.0,2.0,3.0,6750000.0,1984.0,5.0,205.0,75.0,1,high
greinza01,2016,1,0,1,13,7,26,26,1,1,0,476,161,77,23,41,134,0.262,4.37,3.0,1,0.0,0,667.0,0,80,7.0,4.0,9.0,31799030.0,1983.0,10.0,200.0,74.0,1,high
grillja01,2016,1,1,1,1,2,21,0,0,0,2,51,16,10,2,13,23,0.242,5.29,1.0,1,1.0,0,81.0,8,11,0.0,1.0,1.0,3625000.0,1976.0,11.0,235.0,77.0,1,mid
grimmju01,2016,1,5,1,2,1,68,0,0,0,0,158,47,24,5,23,65,0.234,4.1,2.0,7,1.0,0,225.0,11,24,0.0,0.0,0.0,1275000.0,1988.0,8.0,210.0,75.0,1,mid
gurkaja01,2016,1,8,1,0,0,6,0,0,0,0,29,16,10,1,2,7,0.381,9.31,0.0,0,0.0,0,45.0,5,10,0.0,1.0,1.0,660000.0,1988.0,1.0,170.0,72.0,0,mid
hamelco01,2016,1,27,0,15,5,32,32,0,0,0,602,185,74,24,77,200,0.243,3.32,1.0,4,8.0,1,848.0,0,83,1.0,2.0,19.0,22500000.0,1983.0,12.0,205.0,76.0,0,high
hammeja01,2016,1,5,1,15,10,30,30,0,0,0,500,148,71,25,53,144,0.239,3.83,0.0,9,9.0,0,692.0,0,77,7.0,3.0,14.0,9000000.0,1982.0,9.0,225.0,78.0,1,high
happja01,2016,1,28,0,20,4,32,32,0,0,0,585,168,69,22,60,163,0.231,3.18,0.0,3,6.0,2,796.0,0,72,2.0,2.0,21.0,10000000.0,1982.0,10.0,205.0,77.0,0,high
hardybl01,2016,1,9,0,1,0,21,0,0,0,0,77,25,10,2,12,20,0.253,3.51,1.0,1,0.0,0,112.0,10,11,1.0,0.0,3.0,520500.0,1987.0,3.0,218.0,74.0,0,low
harriwi02,2016,1,10,0,1,2,66,0,0,0,12,192,52,16,3,15,69,0.22,2.25,1.0,4,1.0,0,255.0,19,17,1.0,2.0,6.0,525500.0,1984.0,8.0,236.0,76.0,1,low
harvema01,2016,1,18,1,4,10,17,17,0,0,0,278,111,50,8,25,76,0.302,4.86,1.0,4,1.0,0,402.0,0,55,5.0,4.0,10.0,4325000.0,1989.0,3.0,220.0,76.0,1,high
hatchch02,2016,1,13,1,5,4,37,0,0,0,0,122,40,25,8,21,43,0.253,5.53,4.0,4,1.0,0,181.0,10,26,1.0,0.0,3.0,1065000.0,1985.0,1.0,200.0,73.0,1,mid
heanean01,2016,1,12,0,0,1,1,1,0,0,0,18,7,4,2,0,7,0.28,6.0,0.0,0,0.0,0,25.0,0,4,0.0,0.0,0.0,515000.0,1991.0,6.0,200.0,74.0,0,low
hellije01,2016,1,20,1,12,10,32,32,1,1,0,567,173,78,24,45,154,0.243,3.71,0.0,6,6.0,1,772.0,0,86,4.0,6.0,21.0,7000000.0,1987.0,4.0,190.0,73.0,1,high
hendeji01,2016,1,18,1,2,2,44,0,0,0,0,105,34,16,7,14,40,0.248,4.11,0.0,0,2.0,1,155.0,8,17,1.0,1.0,1.0,600000.0,1982.0,10.0,220.0,77.0,1,mid
hendrky01,2016,1,5,1,16,8,31,30,2,1,0,570,142,45,15,44,170,0.207,2.13,3.0,5,8.0,0,745.0,0,53,4.0,3.0,12.0,541000.0,1989.0,12.0,190.0,75.0,1,mid
hendrli01,2016,1,19,0,0,4,53,0,0,0,0,194,69,27,6,14,71,0.27,3.76,3.0,3,1.0,0,275.0,10,31,0.0,4.0,6.0,523400.0,1989.0,2.0,235.0,72.0,1,low
hernada01,2016,1,20,1,3,4,70,0,0,0,1,218,77,31,11,32,80,0.27,3.84,5.0,6,2.0,0,322.0,16,31,1.0,1.0,5.0,3900000.0,1985.0,5.0,245.0,75.0,1,high
hernafe02,2016,1,23,0,11,8,25,25,0,0,0,460,138,65,19,65,122,0.239,3.82,0.0,6,10.0,0,655.0,0,76,3.0,0.0,17.0,25857143.0,1986.0,4.0,220.0,75.0,1,high
herreke01,2016,1,11,0,2,6,72,0,0,0,12,216,57,22,6,12,86,0.214,2.75,0.0,3,3.0,0,283.0,23,23,1.0,1.0,3.0,2550000.0,1989.0,12.0,220.0,70.0,1,mid
hestoch01,2016,1,24,1,1,1,4,0,0,0,0,15,9,6,0,6,3,0.409,10.8,2.0,3,0.0,0,29.0,0,6,1.0,0.0,0.0,530000.0,1988.0,4.0,195.0,75.0,1,mid
hillri01,2016,1,19,0,9,3,14,14,0,0,0,228,55,19,2,28,90,0.201,2.25,0.0,0,8.0,0,311.0,0,22,0.0,1.0,8.0,6000000.0,1980.0,3.0,221.0,77.0,0,high
hinojda01,2016,1,20,1,0,1,10,0,0,0,0,33,10,4,1,3,8,0.25,3.27,0.0,0,0.0,0,44.0,4,4,0.0,1.0,1.0,514000.0,1986.0,2.0,230.0,73.0,1,low
hochelu01,2016,1,11,0,2,3,40,0,0,0,0,112,31,16,6,9,40,0.226,3.86,0.0,2,3.0,0,151.0,1,17,1.0,1.0,1.0,5500000.0,1983.0,9.0,225.0,77.0,1,high
holadbr01,2016,1,27,0,0,0,1,0,0,0,0,4,0,0,0,0,0,0.0,0.0,0.0,0,0.0,0,4.0,1,0,0.0,0.0,0.0,519000.0,1987.0,11.0,203.0,72.0,1,low
holtty01,2016,1,6,1,0,0,1,0,0,0,0,3,0,0,0,0,0,0.0,0.0,0.0,0,0.0,0,3.0,1,0,0.0,0.0,0.0,508000.0,1989.0,3.0,190.0,70.0,1,low
hoovejj01,2016,1,6,1,1,2,18,0,0,0,1,56,29,28,9,12,15,0.345,13.5,1.0,0,1.0,0,97.0,8,29,0.0,0.0,1.0,1400000.0,1987.0,8.0,240.0,75.0,1,mid
howeljp01,2016,1,13,1,1,1,64,0,0,0,0,152,56,23,4,15,44,0.281,4.09,2.0,3,3.0,0,220.0,11,23,1.0,2.0,4.0,6250000.0,1983.0,4.0,180.0,72.0,0,high
hudsoda01,2016,1,0,1,3,2,70,0,0,0,5,181,65,35,6,22,58,0.269,5.22,3.0,5,4.0,0,268.0,17,40,0.0,0.0,3.0,2700000.0,1987.0,3.0,215.0,75.0,1,mid
hugheja02,2016,1,21,1,1,1,67,0,0,0,1,178,62,20,6,22,34,0.277,3.03,3.0,5,5.0,0,257.0,18,24,4.0,2.0,8.0,2175000.0,1985.0,7.0,240.0,79.0,1,mid
hugheph01,2016,1,16,0,1,7,12,11,1,0,0,177,76,39,11,13,34,0.313,5.95,0.0,0,0.0,0,259.0,0,40,1.0,2.0,6.0,9200000.0,1986.0,6.0,240.0,77.0,1,high
hunteto02,2016,1,7,0,2,2,21,0,0,0,0,65,21,9,1,5,17,0.256,3.74,1.0,0,2.0,0,90.0,5,10,1.0,0.0,3.0,2000000.0,1986.0,7.0,250.0,75.0,1,mid
iglesra01,2016,1,6,1,3,2,37,5,0,0,6,235,63,22,7,26,83,0.216,2.53,1.0,3,5.0,1,325.0,15,22,1.0,2.0,3.0,3214285.0,1990.0,1.0,190.0,74.0,1,mid
iwakuhi01,2016,1,23,0,16,12,33,33,0,0,0,597,218,91,28,46,147,0.282,4.12,3.0,4,5.0,0,836.0,0,95,6.0,7.0,25.0,10976096.0,1981.0,4.0,210.0,75.0,1,high
jacksed01,2016,1,14,1,0,1,8,0,0,0,0,32,13,7,2,6,7,0.317,5.91,1.0,1,0.0,0,47.0,3,7,0.0,0.0,1.0,507500.0,1983.0,9.0,215.0,74.0,1,low
jackslu01,2016,1,27,0,0,0,8,0,0,0,0,35,22,14,4,8,3,0.415,10.8,0.0,0,0.0,0,62.0,2,14,0.0,1.0,2.0,508500.0,1991.0,8.0,210.0,74.0,1,low
janseke01,2016,1,13,1,3,2,71,0,0,0,47,206,35,14,4,11,104,0.15,1.83,2.0,1,2.0,0,251.0,63,14,3.0,1.0,1.0,10650000.0,1987.0,9.0,265.0,77.0,1,high
jeffrje01,2016,1,15,1,2,2,47,0,0,0,27,134,45,11,2,11,35,0.262,2.22,3.0,0,4.0,0,190.0,40,13,2.0,1.0,6.0,519100.0,1987.0,9.0,205.0,72.0,1,low
jennida01,2016,1,4,0,4,3,64,0,0,0,1,182,57,14,1,28,46,0.259,2.08,0.0,4,3.0,0,259.0,15,18,2.0,6.0,11.0,810000.0,1987.0,4.0,215.0,75.0,0,mid
jepseke01,2016,1,16,0,2,5,33,0,0,0,7,92,42,21,7,12,22,0.333,6.16,1.0,2,0.0,0,141.0,19,22,0.0,3.0,3.0,5312000.0,1984.0,7.0,235.0,75.0,1,high
jimenub01,2016,1,2,0,8,12,29,25,1,0,1,427,150,86,16,72,125,0.268,5.44,1.0,5,3.0,1,638.0,2,93,1.0,1.0,12.0,12673102.0,1984.0,1.0,221.0,77.0,1,high
johnsji04,2016,1,1,1,2,6,65,0,0,0,20,194,57,22,3,20,68,0.236,3.06,0.0,6,3.0,0,266.0,36,23,0.0,1.0,9.0,2500000.0,1983.0,6.0,250.0,78.0,1,mid
jonesna01,2016,1,4,0,5,3,71,0,0,0,3,212,48,18,7,15,80,0.19,2.29,3.0,7,3.0,0,274.0,11,20,2.0,2.0,5.0,900000.0,1986.0,1.0,230.0,77.0,1,mid
jungmta01,2016,1,15,1,0,5,8,6,0,0,0,80,30,23,4,17,18,0.291,7.76,1.0,0,3.0,0,126.0,2,24,1.0,2.0,1.0,518500.0,1989.0,12.0,210.0,78.0,1,low
karnsna01,2016,1,23,0,6,2,22,15,0,0,1,283,95,54,11,45,101,0.259,5.15,1.0,5,3.0,1,417.0,2,55,0.0,2.0,5.0,523700.0,1987.0,11.0,225.0,75.0,1,low
kazmisc01,2016,1,13,1,10,6,26,26,0,0,0,409,133,69,21,52,134,0.253,4.56,3.0,5,7.0,0,590.0,0,71,2.0,3.0,6.0,14985384.0,1984.0,1.0,185.0,72.0,0,high
kelake01,2016,1,27,0,5,1,35,0,0,0,0,102,30,23,6,17,45,0.236,6.09,0.0,2,3.0,1,150.0,2,23,2.0,1.0,4.0,518000.0,1993.0,4.0,220.0,73.0,1,low
kellesh01,2016,1,29,1,3,2,67,0,0,0,7,174,41,17,9,11,80,0.194,2.64,2.0,2,0.0,0,224.0,26,19,0.0,2.0,1.0,4000000.0,1984.0,4.0,237.0,74.0,1,high
kellyjo05,2016,1,3,0,4,0,20,6,0,0,0,120,44,23,5,24,48,0.278,5.18,0.0,0,2.0,0,188.0,6,23,0.0,4.0,2.0,2600000.0,1988.0,6.0,174.0,73.0,1,mid
kenneia01,2016,1,11,0,11,11,33,33,0,0,0,587,173,80,33,66,184,0.236,3.68,1.0,4,13.0,0,818.0,0,81,1.0,5.0,9.0,7500000.0,1984.0,12.0,210.0,72.0,1,high
kensilo01,2016,1,9,0,0,0,3,0,0,0,0,14,8,1,0,2,1,0.421,1.93,0.0,0,0.0,0,21.0,0,1,0.0,0.0,3.0,575000.0,1982.0,7.0,190.0,73.0,1,mid
kershcl01,2016,1,13,1,12,4,21,21,3,3,0,447,97,28,8,11,172,0.184,1.69,1.0,5,2.0,3,544.0,0,31,4.0,1.0,9.0,33000000.0,1988.0,3.0,225.0,76.0,0,high
keuchda01,2016,1,10,0,9,12,26,26,1,1,0,504,168,85,20,48,144,0.259,4.55,1.0,9,2.0,0,701.0,0,88,2.0,1.0,16.0,7250000.0,1988.0,1.0,205.0,74.0,0,high
kimbrcr01,2016,1,3,0,2,6,57,0,0,0,31,159,28,20,4,30,83,0.152,3.4,0.0,6,4.0,0,220.0,47,22,1.0,1.0,3.0,11000000.0,1988.0,5.0,215.0,71.0,1,high
kleinph01,2016,1,27,0,0,1,8,0,0,0,0,26,8,5,2,2,12,0.242,5.19,0.0,1,0.0,0,35.0,5,5,0.0,0.0,1.0,509500.0,1989.0,4.0,255.0,79.0,1,low
klubeco01,2016,1,7,0,18,9,32,32,3,2,0,645,170,75,22,57,227,0.216,3.14,1.0,5,7.0,1,860.0,0,82,6.0,2.0,17.0,4700000.0,1986.0,4.0,215.0,76.0,1,high
knebeco01,2016,1,15,1,1,4,35,0,0,0,2,98,32,17,3,16,38,0.252,4.68,3.0,1,1.0,0,145.0,7,20,0.0,1.0,1.0,513000.0,1991.0,11.0,224.0,75.0,1,low
koehlto01,2016,1,14,1,9,13,33,33,0,0,0,530,176,85,22,83,147,0.261,4.33,7.0,9,5.0,0,774.0,0,93,6.0,5.0,10.0,3500000.0,1986.0,6.0,235.0,74.0,1,mid
kontoge01,2016,1,24,1,3,2,57,0,0,0,0,160,42,15,3,20,35,0.219,2.53,3.0,1,2.0,0,216.0,17,19,1.0,1.0,6.0,1150000.0,1985.0,6.0,225.0,75.0,1,mid
kratzer01,2016,1,10,0,0,0,1,0,0,0,0,3,3,1,0,0,0,0.5,9.0,0.0,2,0.0,0,6.0,1,2,0.0,0.0,0.0,850000.0,1980.0,6.0,250.0,76.0,1,mid
lackejo01,2016,1,5,1,11,8,29,29,0,0,0,565,146,70,23,53,180,0.218,3.35,1.0,4,9.0,0,748.0,0,74,8.0,8.0,13.0,16000000.0,1978.0,10.0,235.0,78.0,1,high
lambjo02,2016,1,6,1,1,7,14,14,0,0,0,210,84,50,14,31,58,0.303,6.43,0.0,1,1.0,1,318.0,0,54,8.0,1.0,6.0,507500.0,1990.0,7.0,205.0,76.0,0,low
layneto01,2016,1,3,0,0,1,34,0,0,0,0,86,27,12,1,14,25,0.26,3.77,2.0,1,1.0,0,120.0,12,12,1.0,0.0,3.0,563750.0,1984.0,11.0,195.0,74.0,0,mid
leakemi01,2016,1,25,1,9,12,30,30,0,0,0,530,203,92,20,30,125,0.288,4.69,1.0,7,7.0,0,757.0,0,101,5.0,10.0,13.0,12000000.0,1987.0,11.0,165.0,70.0,1,high
leonar01,2016,1,28,0,0,0,2,0,0,0,0,7,3,2,1,1,2,0.3,7.71,0.0,0,0.0,0,11.0,0,2,0.0,0.0,0.0,510500.0,1988.0,9.0,210.0,73.0,1,low
lestejo01,2016,1,5,1,19,5,32,32,2,0,0,608,154,55,21,52,197,0.211,2.44,0.0,4,6.0,0,796.0,0,57,4.0,4.0,15.0,25000000.0,1984.0,1.0,249.0,76.0,0,high
lewisco01,2016,1,27,0,6,5,19,19,1,0,0,349,103,48,19,28,73,0.236,3.71,0.0,1,3.0,0,472.0,0,53,1.0,3.0,9.0,6000000.0,1979.0,8.0,240.0,76.0,1,high
liriafr01,2016,1,21,1,6,11,21,21,0,0,0,341,115,69,19,69,116,0.264,5.46,1.0,8,7.0,0,523.0,0,76,7.0,5.0,13.0,13666667.0,1983.0,10.0,220.0,75.0,0,high
lobstky01,2016,1,21,1,2,0,14,0,0,0,0,75,25,11,2,12,15,0.263,3.96,1.0,2,2.0,0,110.0,3,11,1.0,0.0,4.0,520000.0,1989.0,8.0,220.0,75.0,0,low
lockeje01,2016,1,21,1,9,8,30,19,1,1,0,382,151,77,17,44,73,0.298,5.44,4.0,7,3.0,0,564.0,4,81,8.0,2.0,16.0,3025000.0,1987.0,11.0,200.0,72.0,0,mid
loganbo02,2016,1,8,1,2,5,66,0,0,0,1,139,27,19,4,20,57,0.166,3.69,5.0,4,2.0,0,187.0,9,23,2.0,0.0,4.0,6250000.0,1984.0,8.0,215.0,77.0,0,high
lopezja02,2016,1,24,1,1,3,68,0,0,0,1,80,24,12,3,15,15,0.24,4.05,0.0,0,2.0,0,118.0,6,13,1.0,0.0,4.0,5000000.0,1977.0,7.0,220.0,76.0,0,high
lorenmi01,2016,1,6,1,2,1,35,0,0,0,0,150,41,16,5,13,48,0.224,2.88,0.0,2,6.0,2,202.0,4,16,0.0,0.0,10.0,516500.0,1992.0,1.0,217.0,75.0,1,low
loupaa01,2016,1,28,0,0,0,21,0,0,0,0,43,15,8,2,4,15,0.288,5.02,0.0,3,3.0,0,62.0,2,8,0.0,3.0,2.0,1050000.0,1987.0,12.0,210.0,71.0,0,mid
lowema01,2016,1,9,0,1,3,54,0,0,0,0,148,57,39,12,21,49,0.291,7.11,2.0,2,1.0,0,224.0,26,41,0.0,6.0,0.0,5500000.0,1983.0,6.0,210.0,75.0,1,high
luebkco01,2016,1,21,1,0,1,9,0,0,0,0,26,15,9,2,11,9,0.385,9.35,2.0,0,1.0,0,53.0,5,9,1.0,1.0,0.0,1000000.0,1985.0,3.0,210.0,76.0,0,mid
lylesjo01,2016,1,8,1,4,5,40,5,0,0,1,176,69,38,4,28,32,0.291,5.83,2.0,5,4.0,0,273.0,7,46,1.0,2.0,6.0,2975000.0,1990.0,10.0,230.0,77.0,1,mid
lyonsty01,2016,1,25,1,2,0,30,0,0,0,0,144,35,18,9,14,46,0.205,3.38,0.0,2,0.0,0,187.0,10,18,1.0,1.0,6.0,512500.0,1988.0,2.0,210.0,74.0,0,low
madsory01,2016,1,19,0,6,7,63,0,0,0,30,194,63,26,7,20,49,0.257,3.62,3.0,4,2.0,1,270.0,53,27,2.0,1.0,8.0,6666667.0,1980.0,8.0,234.0,78.0,1,high
maedake01,2016,1,13,1,16,11,32,32,0,0,0,527,150,68,20,50,179,0.229,3.48,6.0,6,8.0,0,716.0,0,72,0.0,3.0,10.0,3125000.0,1988.0,4.0,185.0,73.0,1,mid
manesse01,2016,1,25,1,2,2,29,0,0,0,0,95,34,12,2,8,16,0.274,3.41,2.0,2,0.0,0,134.0,13,14,1.0,1.0,4.0,1400000.0,1988.0,10.0,190.0,72.0,1,mid
manshje01,2016,1,7,0,2,1,53,0,0,0,0,130,40,15,7,22,36,0.241,3.12,2.0,0,0.0,0,189.0,8,20,0.0,1.0,5.0,765000.0,1985.0,1.0,205.0,74.0,1,mid
martica04,2016,1,25,1,16,9,31,31,0,0,0,586,169,66,15,70,174,0.233,3.04,1.0,8,11.0,0,809.0,0,68,2.0,2.0,33.0,539000.0,1991.0,9.0,200.0,72.0,1,mid
matusbr01,2016,1,2,0,0,0,7,0,0,0,0,18,11,8,3,7,1,0.407,12.0,0.0,0,0.0,0,35.0,2,8,0.0,1.0,1.0,3900000.0,1987.0,2.0,190.0,77.0,0,high
matzst01,2016,1,18,1,9,8,22,22,0,0,0,397,129,50,14,31,129,0.257,3.4,2.0,3,5.0,1,547.0,0,53,8.0,1.0,8.0,515750.0,1991.0,5.0,201.0,74.0,0,low
maurebr01,2016,1,22,1,0,5,71,0,0,0,13,209,65,35,7,23,72,0.238,4.52,5.0,3,2.0,0,300.0,36,37,0.0,1.0,2.0,526400.0,1990.0,7.0,225.0,77.0,1,low
mcallza01,2016,1,7,0,3,2,53,2,0,0,0,157,53,20,6,23,54,0.256,3.44,2.0,3,2.0,0,233.0,11,21,1.0,0.0,1.0,1300000.0,1987.0,12.0,240.0,78.0,1,mid
mccarbr01,2016,1,13,1,2,3,10,9,0,0,0,120,29,22,2,26,44,0.207,4.95,1.0,2,2.0,0,171.0,0,24,1.0,2.0,3.0,12500000.0,1983.0,7.0,225.0,80.0,1,high
mcculla02,2016,1,10,0,6,5,14,14,0,0,0,243,80,29,5,45,106,0.261,3.22,1.0,9,0.0,2,352.0,0,29,0.0,0.0,10.0,516700.0,1993.0,10.0,202.0,73.0,1,low
mcfartj01,2016,1,2,0,2,2,16,0,0,0,0,74,33,19,3,10,7,0.34,6.93,2.0,1,2.0,0,112.0,2,19,0.0,3.0,6.0,523500.0,1989.0,6.0,200.0,75.0,0,low
mcgeeja01,2016,1,8,1,2,3,57,0,0,0,15,137,56,24,9,16,38,0.301,4.73,1.0,4,3.0,0,205.0,25,25,0.0,0.0,5.0,4800000.0,1986.0,8.0,229.0,76.0,0,high
mcgowdu01,2016,1,14,1,1,3,55,0,0,0,1,201,49,21,7,33,63,0.202,2.82,7.0,4,2.0,0,279.0,24,26,0.0,2.0,6.0,1000000.0,1982.0,3.0,235.0,75.0,1,mid
mchugco01,2016,1,10,0,13,10,33,33,1,0,0,554,206,89,25,54,177,0.282,4.34,1.0,9,5.0,0,796.0,0,92,1.0,5.0,15.0,529000.0,1987.0,6.0,191.0,74.0,1,low
medlekr01,2016,1,11,0,1,3,6,6,0,0,0,73,30,21,2,20,18,0.309,7.77,0.0,1,0.0,0,119.0,0,25,0.0,2.0,5.0,5500000.0,1985.0,10.0,190.0,70.0,1,high
melanma01,2016,1,21,1,1,1,45,0,0,0,30,125,31,7,2,9,38,0.205,1.51,0.0,1,1.0,0,163.0,39,10,0.0,2.0,2.0,9650000.0,1985.0,3.0,215.0,73.0,1,high
mileywa01,2016,2,2,0,2,5,11,11,0,0,0,162,70,37,7,15,55,0.315,6.17,0.0,3,3.0,0,242.0,0,38,0.0,2.0,4.0,16329674.0,1986.0,11.0,220.0,74.0,0,high
millean01,2016,1,17,0,6,1,44,0,0,0,9,136,28,7,5,7,77,0.174,1.39,0.0,0,2.0,0,172.0,16,8,1.0,1.0,3.0,9000000.0,1985.0,5.0,200.0,79.0,0,high
milleju02,2016,1,8,1,1,1,40,0,0,0,0,128,50,27,6,20,45,0.298,5.7,0.0,3,2.0,1,194.0,13,27,0.0,3.0,3.0,509500.0,1987.0,6.0,225.0,75.0,1,low
millesh01,2016,1,0,1,3,12,20,20,1,1,0,303,127,69,14,42,70,0.31,6.15,3.0,3,2.0,0,460.0,0,72,3.0,3.0,8.0,4350000.0,1990.0,10.0,225.0,75.0,1,high
milonto01,2016,1,16,0,3,5,19,12,0,0,0,208,84,44,15,22,49,0.299,5.71,3.0,3,1.0,1,311.0,3,53,4.0,3.0,6.0,4500000.0,1987.0,2.0,215.0,72.0,0,high
mitchbr01,2016,1,17,0,1,2,5,5,0,0,0,75,26,9,1,12,11,0.277,3.24,0.0,0,0.0,0,107.0,0,13,1.0,0.0,5.0,516650.0,1991.0,4.0,215.0,74.0,1,low
montemi01,2016,1,5,1,0,0,1,0,0,0,0,4,4,1,0,0,0,0.5,6.75,0.0,0,1.0,0,9.0,1,1,0.0,0.0,0.0,14000000.0,1983.0,7.0,221.0,71.0,1,high
montgmi01,2016,1,23,0,3,4,32,2,0,0,0,185,49,16,3,18,54,0.22,2.34,2.0,5,6.0,0,250.0,13,18,2.0,1.0,8.0,515000.0,1989.0,7.0,220.0,77.0,0,low
moorema02,2016,1,26,0,7,7,21,21,0,0,0,390,125,59,20,40,109,0.251,4.08,0.0,3,5.0,1,549.0,0,62,3.0,2.0,7.0,5100000.0,1989.0,6.0,210.0,75.0,0,high
moralfr01,2016,1,28,0,0,1,5,0,0,0,0,12,3,4,1,2,2,0.214,9.0,0.0,0,0.0,1,16.0,2,4,0.0,0.0,1.0,2000000.0,1986.0,1.0,210.0,73.0,0,mid
morinmi01,2016,1,12,0,2,2,60,0,0,0,0,167,52,27,6,15,49,0.25,4.37,1.0,1,1.0,1,227.0,8,31,2.0,1.0,3.0,520000.0,1991.0,5.0,220.0,76.0,1,low
morribr01,2016,1,14,1,0,0,24,0,0,0,1,53,15,6,4,10,13,0.238,3.06,1.0,0,1.0,0,74.0,4,7,0.0,0.0,2.0,1350000.0,1987.0,3.0,220.0,75.0,1,mid
mortoch02,2016,1,20,1,1,1,4,4,0,0,0,52,15,8,1,8,19,0.242,4.15,0.0,1,0.0,1,71.0,0,8,1.0,0.0,2.0,8000000.0,1983.0,11.0,215.0,77.0,1,high
moscojo01,2016,1,6,1,0,3,5,5,0,0,0,64,26,19,10,10,10,0.292,8.02,1.0,0,1.0,0,105.0,0,22,3.0,1.0,1.0,508000.0,1991.0,8.0,210.0,76.0,1,low
motteja01,2016,1,8,1,0,1,30,0,0,0,0,71,28,13,6,8,24,0.286,4.94,1.0,0,2.0,0,109.0,8,15,0.0,1.0,1.0,5000000.0,1982.0,6.0,205.0,72.0,1,high
narvech01,2016,1,14,1,1,0,6,0,0,0,0,25,10,8,3,2,6,0.286,8.64,1.0,1,1.0,0,38.0,2,8,0.0,0.0,0.0,1200000.0,1981.0,12.0,205.0,75.0,0,mid
nelsoji02,2016,1,15,1,8,16,32,32,0,0,0,538,186,92,25,86,140,0.268,4.62,2.0,8,17.0,0,807.0,0,108,7.0,4.0,18.0,522300.0,1989.0,6.0,250.0,78.0,1,low
nerishe01,2016,1,20,1,4,4,79,0,0,0,2,241,59,23,9,30,102,0.202,2.58,3.0,4,3.0,1,328.0,13,26,1.0,2.0,4.0,515000.0,1989.0,6.0,227.0,74.0,1,low
neshepa01,2016,1,10,0,2,2,60,0,0,0,0,141,33,16,6,11,43,0.194,3.06,7.0,1,0.0,0,185.0,9,17,3.0,1.0,2.0,6500000.0,1980.0,9.0,220.0,75.0,1,high
nicasju01,2016,1,21,1,10,7,52,12,0,0,0,354,117,59,15,45,138,0.261,4.5,3.0,3,7.0,0,513.0,9,64,5.0,7.0,8.0,3000000.0,1986.0,8.0,250.0,76.0,1,mid
niesejo01,2016,1,21,1,8,6,23,18,0,0,0,330,132,60,21,38,76,0.297,4.91,2.0,9,3.0,0,491.0,2,63,5.0,1.0,13.0,9000000.0,1986.0,10.0,215.0,75.0,0,high
nolaaa01,2016,1,20,1,6,9,20,20,0,0,0,333,116,59,10,29,121,0.264,4.78,3.0,2,6.0,0,483.0,0,68,5.0,4.0,5.0,517500.0,1993.0,6.0,200.0,74.0,1,low
nolasri01,2016,1,16,0,4,8,21,21,0,0,0,374,139,71,18,29,93,0.287,5.13,0.0,4,3.0,0,527.0,0,77,2.0,9.0,12.0,12000000.0,1982.0,12.0,235.0,74.0,1,high
norribu01,2016,1,1,1,3,7,22,10,0,0,0,211,68,33,6,28,60,0.257,4.22,1.0,3,2.0,0,301.0,0,34,3.0,3.0,5.0,2500000.0,1985.0,3.0,215.0,72.0,1,mid
norrida01,2016,1,9,0,4,2,14,13,0,0,0,208,75,26,10,22,71,0.271,3.38,0.0,1,0.0,0,302.0,1,30,0.0,3.0,3.0,514500.0,1993.0,4.0,207.0,74.0,0,low
novaiv01,2016,1,17,0,7,6,21,15,0,0,1,292,107,53,19,25,75,0.276,4.9,1.0,7,6.0,0,421.0,3,54,1.0,2.0,8.0,4100000.0,1987.0,1.0,250.0,77.0,1,high
nunovi01,2016,1,23,0,1,1,55,1,0,0,0,176,67,23,11,11,51,0.289,3.53,2.0,0,2.0,2,247.0,14,23,0.0,2.0,4.0,532900.0,1987.0,7.0,210.0,71.0,0,mid
oberhbr01,2016,1,20,1,2,2,26,0,0,0,1,151,58,27,11,20,38,0.284,4.83,0.0,1,0.0,0,226.0,10,28,1.0,1.0,4.0,518000.0,1989.0,7.0,225.0,73.0,0,low
odayda01,2016,1,2,0,3,1,34,0,0,0,3,93,25,13,6,13,38,0.214,3.77,2.0,0,1.0,0,131.0,6,13,0.0,0.0,1.0,5854712.0,1982.0,10.0,220.0,76.0,1,high
odorija01,2016,1,26,0,10,6,33,33,0,0,0,563,170,77,29,54,166,0.241,3.69,3.0,3,4.0,1,773.0,0,80,3.0,6.0,14.0,520700.0,1990.0,3.0,190.0,74.0,1,low
oflaher01,2016,1,1,1,1,4,39,0,0,0,0,86,39,22,3,11,22,0.32,6.91,2.0,3,2.0,0,136.0,8,25,1.0,0.0,3.0,1750000.0,1985.0,2.0,210.0,74.0,0,mid
ogandal01,2016,1,1,1,2,1,36,0,0,0,0,96,32,14,2,23,29,0.274,3.94,5.0,3,1.0,0,148.0,11,18,3.0,4.0,4.0,2000000.0,1983.0,10.0,200.0,76.0,1,mid
ohlenro01,2016,1,6,1,5,7,64,0,0,0,2,197,59,34,14,32,68,0.237,4.66,1.0,4,6.0,0,290.0,34,35,3.0,0.0,4.0,800000.0,1982.0,8.0,240.0,76.0,1,mid
ohse01,2016,1,25,1,6,3,76,0,0,0,19,239,55,17,5,18,103,0.19,1.92,3.0,3,2.0,0,313.0,35,20,2.0,1.0,5.0,2500000.0,1982.0,7.0,205.0,70.0,1,mid
osichjo01,2016,1,24,1,1,3,59,0,0,0,0,109,31,19,7,19,25,0.228,4.71,1.0,2,3.0,0,160.0,9,20,1.0,0.0,4.0,512500.0,1988.0,9.0,235.0,74.0,0,low
osunaro01,2016,1,28,0,4,3,72,0,0,0,36,222,55,22,9,14,82,0.206,2.68,4.0,4,3.0,1,288.0,61,23,1.0,3.0,4.0,516100.0,1995.0,2.0,217.0,74.0,1,low
oteroda01,2016,1,7,0,5,1,62,0,0,0,1,212,54,12,2,10,57,0.211,1.53,1.0,2,0.0,0,269.0,20,14,3.0,0.0,11.0,520000.0,1985.0,2.0,205.0,75.0,1,low
ottavad01,2016,1,8,1,1,3,34,0,0,0,7,81,18,8,3,7,35,0.184,2.67,0.0,4,2.0,0,107.0,19,9,0.0,0.0,1.0,1300000.0,1985.0,11.0,246.0,77.0,1,mid
papeljo01,2016,1,29,1,2,4,37,0,0,0,19,105,37,17,3,14,31,0.27,4.37,3.0,1,0.0,0,152.0,30,18,1.0,0.0,5.0,10936574.0,1980.0,11.0,230.0,77.0,1,high
peavyja01,2016,1,24,1,5,9,31,21,0,0,0,356,134,73,18,36,102,0.282,5.54,1.0,4,2.0,1,520.0,3,76,4.0,2.0,8.0,15000000.0,1981.0,5.0,195.0,73.0,1,high
pelfrmi01,2016,1,9,0,4,10,24,22,0,0,0,357,160,67,15,46,56,0.332,5.07,0.0,3,6.0,0,541.0,0,76,2.0,5.0,24.0,8000000.0,1984.0,1.0,240.0,79.0,1,high
penaar01,2016,1,15,1,0,0,1,0,0,0,0,5,5,5,3,2,0,0.556,27.0,0.0,0,0.0,0,11.0,0,5,0.0,0.0,1.0,510000.0,1989.0,5.0,245.0,75.0,1,low
peraljo01,2016,1,23,0,1,0,26,0,0,0,0,70,24,14,7,7,28,0.261,5.4,0.0,0,0.0,0,100.0,5,14,0.0,1.0,0.0,1250000.0,1976.0,3.0,210.0,70.0,1,mid
peralwi01,2016,1,15,1,7,11,23,23,0,0,0,383,152,69,19,43,93,0.305,4.86,1.0,0,3.0,0,554.0,0,73,6.0,4.0,12.0,2800000.0,1989.0,5.0,255.0,73.0,1,mid
perdolu02,2016,1,22,1,9,10,35,20,1,0,0,440,187,93,23,46,105,0.31,5.71,7.0,10,7.0,0,662.0,8,99,0.0,4.0,20.0,507500.0,1993.0,5.0,201.0,74.0,1,low
perezma02,2016,1,27,0,10,11,33,33,0,0,0,596,205,97,18,76,103,0.27,4.39,0.0,3,4.0,2,855.0,0,110,9.0,8.0,36.0,3150000.0,1991.0,4.0,200.0,72.0,0,mid
perezol01,2016,1,29,1,2,3,64,0,0,0,0,120,38,22,4,20,46,0.248,4.95,3.0,5,7.0,0,182.0,7,22,1.0,1.0,4.0,3000000.0,1981.0,8.0,225.0,75.0,0,mid
perezwi01,2016,1,1,1,2,3,11,11,0,0,0,161,57,36,7,15,27,0.271,6.04,3.0,4,2.0,0,233.0,0,37,4.0,2.0,5.0,511250.0,1991.0,5.0,240.0,72.0,1,low
perkigl01,2016,1,16,0,0,0,2,0,0,0,0,6,5,2,0,1,3,0.5,9.0,0.0,2,0.0,0,12.0,1,2,0.0,1.0,0.0,6300000.0,1983.0,3.0,205.0,72.0,0,high
petityu01,2016,1,29,1,3,5,36,1,0,0,1,186,67,31,12,15,49,0.272,4.5,3.0,3,0.0,1,265.0,16,33,3.0,1.0,4.0,2500000.0,1984.0,11.0,252.0,73.0,1,mid
petrija01,2016,1,4,0,0,0,9,0,0,0,0,24,8,4,1,8,7,0.267,4.5,0.0,3,0.0,0,39.0,1,5,1.0,0.0,2.0,535000.0,1988.0,6.0,218.0,76.0,1,mid
phegljo01,2016,1,19,0,0,0,1,0,0,0,0,2,0,0,0,0,1,0.0,0.0,0.0,0,0.0,0,2.0,1,0,0.0,0.0,0.0,512500.0,1988.0,2.0,225.0,70.0,1,low
phelpda01,2016,1,14,1,7,6,64,5,0,0,4,260,61,22,6,38,114,0.197,2.28,6.0,0,2.0,1,352.0,6,23,1.0,2.0,7.0,2500000.0,1986.0,10.0,198.0,74.0,1,mid
pinedmi01,2016,1,17,0,6,12,32,32,0,0,0,527,184,94,27,53,207,0.266,4.82,1.0,7,6.0,0,756.0,0,98,0.0,3.0,10.0,4300000.0,1989.0,1.0,280.0,79.0,1,high
pomerdr01,2016,1,22,1,8,7,17,17,0,0,0,306,67,28,8,41,115,0.184,2.47,2.0,7,1.0,0,411.0,0,30,2.0,3.0,4.0,1350000.0,1988.0,11.0,246.0,77.0,0,mid
porceri01,2016,1,3,0,22,4,33,33,3,0,0,669,193,78,23,32,189,0.23,3.15,0.0,3,13.0,0,890.0,0,85,2.0,3.0,16.0,20125000.0,1988.0,12.0,205.0,77.0,1,high
pressry01,2016,1,16,0,6,7,72,0,0,0,1,226,79,31,8,23,67,0.266,3.7,2.0,7,2.0,0,328.0,10,34,4.0,2.0,3.0,520000.0,1988.0,12.0,206.0,74.0,1,low
priceda01,2016,1,3,0,17,9,35,35,2,0,0,690,227,102,30,50,228,0.258,3.99,1.0,4,7.0,0,951.0,0,106,8.0,7.0,19.0,30000000.0,1985.0,8.0,215.0,77.0,0,high
putnaza01,2016,1,4,0,1,0,25,0,0,0,0,82,25,7,2,11,30,0.248,2.3,1.0,2,0.0,0,114.0,6,7,0.0,2.0,1.0,975000.0,1987.0,7.0,220.0,74.0,1,mid
quackke01,2016,1,22,1,7,7,60,0,0,0,2,179,55,26,8,22,42,0.242,3.92,2.0,2,0.0,0,253.0,17,27,2.0,2.0,2.0,521200.0,1988.0,11.0,235.0,76.0,1,low
quallch01,2016,1,8,1,2,0,44,0,0,0,0,98,43,19,5,9,22,0.305,5.23,1.0,1,0.0,0,152.0,14,22,1.0,1.0,1.0,2250000.0,1978.0,8.0,235.0,76.0,1,mid
quintjo01,2016,1,4,0,13,12,32,32,0,0,0,624,192,74,22,50,181,0.246,3.2,1.0,10,4.0,1,837.0,0,76,2.0,2.0,18.0,5400000.0,1989.0,1.0,220.0,73.0,0,high
ramirer02,2016,1,26,0,7,11,64,1,0,0,2,272,90,38,14,26,63,0.265,3.77,5.0,7,4.0,0,378.0,13,39,7.0,2.0,12.0,2375000.0,1990.0,5.0,220.0,72.0,1,mid
ramirjo02,2016,1,1,1,2,2,33,0,0,0,0,98,26,13,2,18,33,0.22,3.58,4.0,3,4.0,0,143.0,5,16,0.0,3.0,0.0,507500.0,1990.0,1.0,220.0,73.0,1,low
ramirne01,2016,1,5,1,0,0,8,0,0,0,0,23,5,4,1,8,10,0.2,4.7,2.0,3,0.0,0,35.0,4,4,0.0,2.0,1.0,524500.0,1989.0,5.0,215.0,76.0,1,low
ramirno01,2016,1,3,0,0,0,14,0,0,0,0,39,16,9,4,8,15,0.327,6.23,1.0,0,2.0,0,61.0,7,9,0.0,2.0,3.0,509500.0,1989.0,12.0,205.0,75.0,1,low
ramosaj01,2016,1,14,1,1,4,67,0,0,0,40,192,52,20,1,35,73,0.223,2.81,3.0,6,4.0,0,278.0,52,21,2.0,4.0,5.0,3400000.0,1986.0,9.0,200.0,70.0,1,mid
rasmuco02,2016,1,12,0,0,2,19,1,0,0,0,74,25,16,4,16,17,0.26,5.84,1.0,2,1.0,2,114.0,4,16,0.0,1.0,0.0,514500.0,1987.0,11.0,200.0,72.0,1,low
ravinjo01,2016,1,13,1,0,0,10,0,0,0,0,29,2,1,1,4,13,0.065,0.93,0.0,2,0.0,0,35.0,4,1,0.0,0.0,0.0,515000.0,1988.0,1.0,215.0,76.0,1,low
rayro02,2016,1,0,1,8,15,32,32,0,0,0,523,185,95,24,71,218,0.267,4.9,4.0,8,6.0,0,776.0,0,105,3.0,2.0,13.0,521000.0,1991.0,10.0,215.0,74.0,0,low
reaco01,2016,1,22,1,5,5,19,18,0,0,0,298,101,55,12,44,76,0.262,4.98,4.0,0,8.0,1,443.0,0,63,3.0,2.0,10.0,510200.0,1990.0,7.0,235.0,77.0,1,low
reedad01,2016,1,18,1,4,2,80,0,0,0,1,233,60,17,4,13,91,0.21,1.97,4.0,4,0.0,0,304.0,13,18,3.0,2.0,2.0,5300000.0,1988.0,12.0,230.0,76.0,1,high
richacl01,2016,1,5,1,0,1,25,0,0,0,1,42,23,10,0,7,7,0.377,6.43,3.0,1,2.0,0,72.0,9,14,0.0,2.0,1.0,2000000.0,1983.0,9.0,240.0,77.0,0,mid
richaga01,2016,1,12,0,1,3,6,6,0,0,0,104,31,9,2,15,34,0.238,2.34,1.0,3,1.0,0,148.0,0,16,2.0,0.0,4.0,6425000.0,1988.0,5.0,210.0,74.0,1,high
riverfe01,2016,1,29,1,0,3,47,0,0,0,1,149,43,25,4,15,53,0.236,4.53,2.0,1,5.0,0,203.0,8,26,0.0,1.0,8.0,516100.0,1991.0,7.0,225.0,74.0,0,low
roarkta01,2016,1,29,1,16,10,34,33,0,0,0,630,173,66,17,73,172,0.228,2.83,4.0,6,13.0,1,855.0,0,72,10.0,1.0,28.0,543400.0,1986.0,10.0,238.0,74.0,1,mid
roberda08,2016,1,4,0,5,3,62,0,0,0,37,187,53,24,6,32,75,0.231,3.47,4.0,1,1.0,0,267.0,48,24,3.0,2.0,3.0,11000000.0,1985.0,4.0,195.0,71.0,1,high
robleha01,2016,1,18,1,6,4,68,0,0,0,1,233,69,30,7,36,85,0.24,3.48,4.0,3,1.0,0,331.0,15,32,1.0,5.0,6.0,516500.0,1990.0,8.0,220.0,72.0,1,low
rodnefe01,2016,1,22,1,0,1,28,0,0,0,17,86,13,1,0,12,33,0.137,0.31,0.0,1,2.0,1,109.0,24,2,0.0,0.0,3.0,1600000.0,1977.0,3.0,240.0,71.0,1,mid
rodonca01,2016,1,4,0,9,10,28,28,0,0,0,495,176,74,23,54,168,0.273,4.04,3.0,11,6.0,1,715.0,0,82,4.0,6.0,14.0,518000.0,1992.0,12.0,245.0,75.0,0,low
rodried05,2016,1,3,0,3,7,20,20,0,0,0,321,99,56,16,40,100,0.241,4.71,1.0,0,3.0,0,458.0,0,58,1.0,4.0,3.0,521000.0,1993.0,4.0,231.0,74.0,0,low
rodrife02,2016,1,19,0,2,0,34,0,0,0,0,122,30,19,3,17,37,0.21,4.2,0.0,2,1.0,0,163.0,4,19,1.0,1.0,5.0,1050000.0,1984.0,6.0,235.0,75.0,1,mid
rodrifr03,2016,1,9,0,3,4,61,0,0,0,44,175,45,21,6,21,52,0.214,3.24,1.0,4,1.0,0,235.0,55,24,0.0,3.0,4.0,7383481.0,1982.0,1.0,195.0,72.0,1,high
romeren01,2016,1,26,0,2,0,52,0,0,0,1,137,42,30,7,28,50,0.244,5.91,1.0,1,0.0,0,204.0,15,31,0.0,4.0,3.0,510000.0,1991.0,1.0,232.0,75.0,0,low
rominan01,2016,1,9,0,0,0,1,0,0,0,0,2,0,0,0,2,0,0.0,0.0,0.0,0,0.0,0,4.0,1,0,0.0,0.0,0.0,900000.0,1985.0,12.0,190.0,73.0,1,mid
romose01,2016,1,24,1,1,0,40,0,0,0,4,92,26,9,5,7,33,0.236,2.64,1.0,1,0.0,0,117.0,13,9,0.0,0.0,4.0,9000000.0,1983.0,3.0,185.0,71.0,1,high
rondohe01,2016,1,5,1,2,3,54,0,0,0,18,153,42,20,8,8,58,0.225,3.53,0.0,3,2.0,0,200.0,35,20,1.0,2.0,4.0,4200000.0,1988.0,2.0,225.0,75.0,1,high
rosentr01,2016,1,25,1,2,4,45,0,0,0,14,121,48,20,3,29,56,0.293,4.46,0.0,0,3.0,0,197.0,27,22,1.0,0.0,4.0,5600000.0,1990.0,5.0,230.0,74.0,1,high
rossjo01,2016,1,29,1,7,5,19,19,0,0,0,315,108,40,9,29,93,0.269,3.43,3.0,2,6.0,0,447.0,0,43,7.0,3.0,10.0,514400.0,1993.0,5.0,223.0,76.0,1,low
rossro01,2016,1,3,0,3,2,54,0,0,0,0,166,47,20,2,23,56,0.228,3.25,0.0,7,8.0,0,238.0,8,21,0.0,1.0,6.0,1250000.0,1989.0,6.0,215.0,71.0,0,mid
rossty01,2016,1,22,1,0,1,1,1,0,0,0,16,9,7,0,1,5,0.375,11.81,0.0,1,2.0,0,27.0,0,8,0.0,0.0,0.0,9625000.0,1987.0,4.0,254.0,77.0,1,high
rusinch01,2016,1,8,1,3,5,29,7,0,0,0,253,82,35,5,23,69,0.259,3.74,2.0,4,3.0,0,350.0,1,36,7.0,0.0,10.0,512500.0,1986.0,10.0,200.0,74.0,0,low
russeja02,2016,1,20,1,0,0,7,0,0,0,0,13,9,9,2,5,4,0.429,18.69,0.0,0,0.0,0,27.0,1,9,0.0,1.0,0.0,1500000.0,1986.0,1.0,205.0,76.0,0,mid
ryanky01,2016,1,9,0,4,2,56,0,0,0,0,167,48,19,2,15,35,0.234,3.07,5.0,1,3.0,0,226.0,14,21,2.0,1.0,7.0,509500.0,1991.0,9.0,215.0,77.0,0,low
ryuhy01,2016,1,13,1,0,1,1,1,0,0,0,14,8,6,1,2,4,0.364,11.57,1.0,0,0.0,0,24.0,0,6,0.0,0.0,0.0,7833333.0,1987.0,3.0,255.0,75.0,0,high
rzepcma01,2016,1,19,0,1,0,56,0,0,0,0,108,38,12,1,24,37,0.266,3.0,6.0,5,2.0,0,169.0,15,14,0.0,0.0,5.0,2950000.0,1985.0,8.0,220.0,74.0,0,mid
sabatcc01,2016,1,17,0,9,12,30,30,0,0,0,539,172,78,22,65,152,0.25,3.91,1.0,2,9.0,1,768.0,0,83,5.0,2.0,21.0,25000000.0,1980.0,7.0,300.0,78.0,0,high
salasfe01,2016,1,12,0,3,6,58,0,0,0,6,169,52,28,9,19,45,0.248,4.47,1.0,0,0.0,0,231.0,22,28,0.0,2.0,5.0,2400000.0,1985.0,5.0,200.0,74.0,1,mid
salazda01,2016,1,7,0,11,6,25,25,0,0,0,412,121,59,16,63,161,0.235,3.87,3.0,9,2.0,3,584.0,0,61,0.0,4.0,9.0,536200.0,1990.0,1.0,195.0,72.0,1,mid
salech01,2016,1,4,0,17,10,32,32,6,1,0,680,190,84,27,45,233,0.227,3.34,2.0,2,17.0,0,907.0,0,88,5.0,3.0,16.0,9150000.0,1989.0,3.0,183.0,78.0,0,high
samarje01,2016,1,24,1,12,11,32,32,1,0,0,610,190,86,24,54,167,0.249,3.81,4.0,2,1.0,0,829.0,0,88,6.0,4.0,19.0,10800000.0,1985.0,1.0,233.0,76.0,1,high
sampske01,2016,1,6,1,0,1,18,2,0,0,0,118,40,19,9,27,42,0.255,4.35,2.0,3,2.0,0,188.0,2,24,2.0,0.0,1.0,507500.0,1991.0,1.0,225.0,74.0,1,low
sanchaa01,2016,1,28,0,15,2,30,30,0,0,0,576,161,64,15,63,161,0.224,3.0,0.0,5,5.0,0,790.0,0,69,1.0,2.0,14.0,517800.0,1992.0,7.0,210.0,76.0,1,low
sanchan01,2016,1,9,0,7,13,35,26,0,0,0,460,171,100,30,53,135,0.285,5.87,1.0,7,5.0,2,668.0,3,108,4.0,6.0,13.0,16800000.0,1984.0,2.0,205.0,72.0,1,high
santaer01,2016,1,16,0,7,11,30,30,2,1,0,544,168,68,19,53,149,0.245,3.38,2.0,11,4.0,3,748.0,0,78,1.0,5.0,20.0,13500000.0,1982.0,12.0,175.0,74.0,1,high
santihe01,2016,1,12,0,10,4,22,22,0,0,0,362,104,57,20,57,107,0.233,4.25,0.0,2,4.0,1,515.0,0,61,3.0,4.0,9.0,5000000.0,1987.0,12.0,215.0,72.0,0,high
sardilu01,2016,1,23,0,0,0,1,0,0,0,0,3,0,0,0,0,0,0.0,0.0,0.0,0,0.0,0,3.0,1,0,0.0,0.0,0.0,512000.0,1993.0,5.0,180.0,73.0,1,low
schepta01,2016,1,27,0,1,1,10,0,0,0,1,26,6,4,0,3,5,0.188,4.15,1.0,2,0.0,0,35.0,5,4,0.0,0.0,0.0,900000.0,1987.0,1.0,200.0,76.0,1,mid
scherma01,2016,1,29,1,20,7,34,34,1,0,0,685,165,75,31,56,284,0.199,2.96,2.0,2,6.0,1,902.0,0,77,7.0,3.0,6.0,22142857.0,1984.0,7.0,208.0,75.0,1,high
schulbo02,2016,1,28,0,0,1,16,0,0,0,0,49,17,10,3,3,10,0.266,5.51,0.0,0,0.0,0,68.0,8,10,0.0,1.0,1.0,513300.0,1985.0,9.0,229.0,75.0,1,low
scribev01,2016,1,23,0,0,0,12,0,0,0,0,42,5,0,0,2,15,0.111,0.0,1.0,0,1.0,0,49.0,0,0,1.0,0.0,1.0,807500.0,1985.0,7.0,190.0,75.0,1,mid
severlu01,2016,1,17,0,3,8,22,11,0,0,0,213,78,46,11,25,66,0.275,5.83,1.0,3,3.0,0,312.0,3,48,0.0,0.0,8.0,521300.0,1994.0,2.0,218.0,74.0,1,low
shawbr01,2016,1,7,0,2,5,75,0,0,0,1,200,56,24,8,28,69,0.23,3.24,3.0,2,1.0,0,275.0,9,26,2.0,1.0,8.0,2750000.0,1987.0,11.0,226.0,73.0,1,mid
shielja02,2016,1,22,1,2,7,11,11,0,0,0,202,69,32,9,27,57,0.272,4.28,2.0,3,1.0,0,284.0,0,33,1.0,1.0,11.0,21000000.0,1981.0,12.0,210.0,75.0,1,high
shoemma01,2016,1,12,0,9,13,27,27,1,1,0,480,166,69,18,30,143,0.266,3.88,1.0,2,7.0,0,668.0,0,71,2.0,5.0,10.0,530000.0,1986.0,9.0,225.0,74.0,1,mid
shrevch01,2016,1,17,0,2,1,37,0,0,0,1,99,29,19,8,13,33,0.232,5.18,0.0,0,3.0,0,142.0,11,19,1.0,0.0,0.0,533400.0,1990.0,7.0,180.0,76.0,0,mid
shuckja01,2016,1,4,0,0,0,1,0,0,0,0,3,1,1,0,0,0,0.25,9.0,0.0,0,0.0,0,4.0,1,1,0.0,0.0,0.0,521000.0,1987.0,6.0,195.0,71.0,0,low
siegrke01,2016,1,25,1,6,3,67,0,0,0,3,185,42,19,10,26,66,0.193,2.77,2.0,5,1.0,0,248.0,11,20,0.0,3.0,4.0,539000.0,1989.0,7.0,230.0,77.0,0,mid
simmosh01,2016,1,1,1,0,0,7,0,0,0,0,20,6,1,0,0,3,0.24,1.35,0.0,0,0.0,0,25.0,2,1,0.0,0.0,1.0,508000.0,1990.0,9.0,190.0,71.0,1,low
simonal01,2016,1,6,1,2,7,15,11,0,0,0,176,89,61,15,31,39,0.349,9.36,2.0,3,8.0,0,298.0,1,64,1.0,3.0,6.0,2000000.0,1981.0,5.0,265.0,78.0,1,mid
sippto01,2016,1,10,0,1,2,60,0,0,0,1,131,52,24,12,18,40,0.297,4.95,0.0,0,1.0,0,195.0,13,26,0.0,1.0,6.0,6000000.0,1983.0,7.0,190.0,72.0,0,high
smithca02,2016,1,3,0,0,0,3,0,0,0,0,8,2,0,0,1,2,0.2,0.0,0.0,0,0.0,0,11.0,0,1,0.0,0.0,1.0,529000.0,1989.0,10.0,215.0,78.0,1,low
smithjo05,2016,1,12,0,1,4,38,0,0,0,6,113,36,16,4,13,25,0.257,3.82,3.0,0,5.0,1,160.0,16,16,1.0,1.0,4.0,5250000.0,1984.0,3.0,211.0,74.0,1,high
smithwi04,2016,1,15,1,1,3,27,0,0,0,0,66,18,9,3,9,22,0.225,3.68,1.0,3,1.0,0,92.0,3,13,1.0,1.0,2.0,1475000.0,1989.0,7.0,255.0,77.0,0,mid
smylydr01,2016,1,26,0,7,12,30,30,0,0,0,526,174,95,32,49,167,0.259,4.88,2.0,10,2.0,0,738.0,0,103,5.0,11.0,10.0,3750000.0,1989.0,6.0,188.0,74.0,0,mid
soriajo01,2016,1,11,0,5,8,70,0,0,0,1,200,70,30,10,27,68,0.271,4.05,0.0,2,2.0,3,293.0,18,31,4.0,2.0,2.0,7000000.0,1984.0,5.0,205.0,75.0,1,high
storedr01,2016,1,28,0,1,3,38,0,0,0,3,100,43,23,6,10,32,0.309,6.21,1.0,0,6.0,1,156.0,13,23,1.0,0.0,2.0,8375000.0,1987.0,8.0,200.0,73.0,1,high
straida01,2016,1,6,1,14,8,34,31,0,0,0,574,154,80,31,73,162,0.22,3.76,4.0,3,11.0,1,792.0,0,80,6.0,3.0,10.0,512100.0,1988.0,12.0,220.0,74.0,1,low
strasst01,2016,1,29,1,15,4,24,24,0,0,0,443,119,59,15,44,183,0.218,3.6,1.0,2,2.0,0,598.0,0,59,5.0,1.0,7.0,10400000.0,1988.0,7.0,240.0,77.0,1,high
streehu01,2016,1,12,0,3,2,26,0,0,0,9,67,31,16,5,12,14,0.337,6.45,2.0,0,0.0,0,105.0,21,16,0.0,1.0,2.0,8000000.0,1983.0,8.0,205.0,72.0,1,high
strichu01,2016,1,24,1,3,3,72,0,0,0,3,183,50,21,4,19,57,0.221,3.1,3.0,3,2.0,0,250.0,14,21,0.0,3.0,2.0,517500.0,1988.0,9.0,225.0,75.0,1,low
stripro01,2016,1,13,1,5,9,22,14,0,0,0,300,96,44,10,30,74,0.25,3.96,3.0,6,1.0,0,419.0,4,46,3.0,1.0,7.0,507500.0,1989.0,11.0,220.0,75.0,1,low
stromma01,2016,1,28,0,9,10,32,32,0,0,0,612,209,99,21,54,166,0.264,4.37,0.0,9,4.0,1,855.0,0,104,2.0,2.0,22.0,515900.0,1991.0,5.0,180.0,67.0,1,low
stroppe01,2016,1,5,1,2,2,54,0,0,0,0,142,27,15,4,15,60,0.163,2.85,1.0,7,4.0,0,187.0,8,16,0.0,2.0,3.0,4400000.0,1985.0,6.0,220.0,73.0,1,high
stumpda01,2016,1,20,1,0,0,7,0,0,0,0,15,9,6,1,2,2,0.409,10.8,0.0,1,0.0,0,25.0,3,6,1.0,0.0,0.0,507500.0,1991.0,1.0,208.0,74.0,0,low
syndeno01,2016,1,18,1,14,9,31,30,0,0,0,551,168,53,11,43,218,0.243,2.6,2.0,10,2.0,1,744.0,0,61,3.0,4.0,14.0,535375.0,1992.0,8.0,242.0,78.0,1,mid
tanakma01,2016,1,17,0,14,4,31,31,0,0,0,599,179,68,22,36,165,0.236,3.07,0.0,7,3.0,0,805.0,0,75,4.0,3.0,10.0,22000000.0,1988.0,11.0,218.0,75.0,1,high
tazawju01,2016,1,3,0,3,2,53,0,0,0,0,149,47,23,9,14,54,0.245,4.17,1.0,4,1.0,0,208.0,5,23,0.0,1.0,2.0,3375000.0,1986.0,6.0,200.0,71.0,1,mid
teherju01,2016,1,1,1,7,10,30,30,1,1,0,564,157,67,22,41,167,0.223,3.21,2.0,7,9.0,1,758.0,0,70,4.0,1.0,11.0,3466666.0,1991.0,1.0,205.0,74.0,1,mid
tejadru01,2016,1,25,1,0,0,1,0,0,0,0,3,2,2,2,0,0,0.4,18.0,0.0,0,0.0,0,5.0,1,2,0.0,0.0,0.0,1500000.0,1989.0,10.0,200.0,71.0,1,mid
thornma01,2016,1,22,1,1,0,18,0,0,0,0,51,22,11,2,6,9,0.314,5.82,0.0,0,1.0,0,77.0,8,12,0.0,0.0,4.0,1600000.0,1976.0,9.0,235.0,78.0,0,mid
thornty01,2016,1,15,1,8,5,67,0,0,0,13,201,38,16,6,25,90,0.162,2.15,1.0,4,2.0,0,263.0,23,19,0.0,1.0,1.0,513900.0,1988.0,9.0,190.0,71.0,1,low
tillmch01,2016,1,2,0,16,6,30,30,0,0,0,516,155,72,19,66,140,0.244,3.77,1.0,9,7.0,0,715.0,0,73,2.0,4.0,20.0,6225000.0,1988.0,4.0,200.0,77.0,1,high
tollesh01,2016,1,27,0,2,2,37,0,0,0,11,109,53,31,8,10,29,0.338,7.68,2.0,1,0.0,0,168.0,19,32,0.0,1.0,0.0,3275000.0,1988.0,1.0,214.0,73.0,1,mid
tomlijo01,2016,1,7,0,13,9,30,29,0,0,0,522,187,85,36,20,118,0.269,4.4,2.0,4,3.0,0,725.0,1,97,4.0,4.0,6.0,2250000.0,1984.0,10.0,190.0,73.0,1,mid
tonkimi01,2016,1,16,0,3,2,65,0,0,0,0,215,80,40,13,24,80,0.28,5.02,0.0,5,3.0,0,315.0,23,46,2.0,0.0,7.0,515000.0,1989.0,11.0,220.0,79.0,1,low
torreca01,2016,1,15,1,3,3,72,0,0,0,2,247,65,25,8,30,78,0.217,2.73,3.0,1,4.0,1,339.0,12,26,3.0,2.0,6.0,1050000.0,1982.0,10.0,180.0,73.0,1,mid
treinbl01,2016,1,29,1,4,1,73,0,0,0,1,201,51,17,5,31,63,0.224,2.28,6.0,1,0.0,0,263.0,17,19,2.0,2.0,17.0,524900.0,1988.0,6.0,225.0,77.0,1,low
ueharko01,2016,1,3,0,2,3,50,0,0,0,7,141,34,18,8,11,63,0.2,3.45,1.0,1,2.0,0,184.0,12,18,1.0,0.0,2.0,9000000.0,1975.0,4.0,195.0,74.0,1,high
vargaja01,2016,1,11,0,0,0,3,3,0,0,0,36,8,3,1,3,11,0.182,2.25,0.0,0,0.0,0,47.0,0,3,0.0,0.0,0.0,8500000.0,1983.0,2.0,215.0,72.0,0,high
velasvi01,2016,1,20,1,8,6,24,24,1,1,0,393,129,60,21,45,152,0.263,4.12,1.0,3,1.0,0,551.0,0,64,9.0,5.0,12.0,516000.0,1992.0,6.0,212.0,75.0,1,low
ventuyo01,2016,1,11,0,11,12,32,32,2,0,0,558,190,92,23,78,144,0.263,4.45,1.0,13,8.0,1,816.0,0,96,3.0,4.0,21.0,1200000.0,1991.0,6.0,195.0,72.0,1,mid
verhadr01,2016,1,9,0,1,0,19,0,0,0,0,57,28,15,3,7,10,0.346,7.11,1.0,1,1.0,0,90.0,4,15,0.0,1.0,2.0,509500.0,1990.0,10.0,230.0,78.0,1,low
verlaju01,2016,1,9,0,16,9,34,34,2,0,0,683,171,77,30,57,254,0.207,3.04,1.0,6,8.0,0,903.0,0,81,4.0,7.0,8.0,28000000.0,1983.0,2.0,235.0,77.0,1,high
verrelo01,2016,1,18,1,3,8,35,12,0,0,0,275,100,53,16,43,66,0.283,5.2,3.0,4,4.0,1,406.0,10,55,3.0,3.0,10.0,514875.0,1990.0,6.0,190.0,74.0,1,low
villaca01,2016,1,22,1,2,2,51,0,0,0,1,222,89,49,17,14,61,0.297,5.96,4.0,2,3.0,0,321.0,11,50,2.0,2.0,4.0,1490314.0,1983.0,11.0,220.0,74.0,1,mid
vinceni01,2016,1,23,0,4,4,60,0,0,0,3,181,53,25,11,15,65,0.231,3.73,5.0,0,1.0,0,247.0,15,26,1.0,1.0,4.0,525500.0,1986.0,7.0,185.0,70.0,1,low
vizcaar01,2016,1,1,1,1,4,43,0,0,0,10,116,37,19,3,26,50,0.24,4.42,3.0,3,1.0,1,182.0,24,25,1.0,0.0,2.0,897500.0,1990.0,11.0,245.0,72.0,1,mid
vogelry01,2016,1,21,1,3,7,24,14,0,0,0,247,80,44,11,40,61,0.254,4.81,2.0,4,4.0,0,366.0,2,51,6.0,0.0,6.0,2000000.0,1977.0,7.0,215.0,76.0,1,mid
volqued01,2016,1,11,0,10,11,34,34,0,0,0,568,217,113,23,76,139,0.286,5.37,1.0,5,7.0,1,853.0,0,124,6.0,6.0,16.0,9500000.0,1983.0,7.0,220.0,72.0,1,high
wachami01,2016,1,25,1,7,7,27,24,0,0,0,414,159,78,15,45,114,0.289,5.09,6.0,6,1.0,0,606.0,1,86,4.0,5.0,11.0,539000.0,1991.0,7.0,215.0,78.0,1,mid
wainwad01,2016,1,25,1,13,9,33,33,1,1,0,596,220,102,22,59,161,0.287,4.62,4.0,1,5.0,0,847.0,0,108,8.0,9.0,27.0,19500000.0,1981.0,8.0,230.0,79.0,1,high
walketa01,2016,1,23,0,8,11,25,25,1,1,0,403,129,63,27,37,119,0.247,4.22,2.0,4,8.0,1,573.0,0,75,3.0,3.0,8.0,528600.0,1992.0,8.0,235.0,76.0,1,low
wangch01,2016,1,11,0,6,0,38,0,0,0,0,160,60,25,6,18,30,0.286,4.22,0.0,1,2.0,0,231.0,24,27,1.0,0.0,5.0,1000000.0,1980.0,3.0,225.0,76.0,1,mid
warread01,2016,1,5,1,3,2,29,1,0,0,0,105,31,23,7,19,27,0.238,5.91,4.0,0,0.0,0,152.0,4,24,2.0,1.0,1.0,1700000.0,1987.0,8.0,224.0,73.0,1,mid
watsoto01,2016,1,21,1,2,5,70,0,0,0,15,203,52,23,10,20,58,0.215,3.06,1.0,0,3.0,0,272.0,27,26,4.0,3.0,9.0,3450000.0,1985.0,5.0,224.0,75.0,0,mid
weaveje02,2016,1,12,0,12,12,31,31,1,1,0,534,209,100,37,51,103,0.297,5.06,2.0,1,4.0,2,767.0,0,106,1.0,6.0,19.0,20200000.0,1982.0,10.0,210.0,79.0,1,high
webbry01,2016,1,26,0,0,0,18,0,0,0,0,52,27,10,2,3,11,0.37,5.19,1.0,3,0.0,0,76.0,7,11,0.0,0.0,4.0,1000000.0,1986.0,2.0,245.0,78.0,1,mid
whitety01,2016,1,10,0,0,0,1,0,0,0,0,3,1,1,1,0,0,0.25,9.0,0.0,0,0.0,0,4.0,1,1,0.0,0.0,0.0,507500.0,1990.0,10.0,238.0,71.0,1,low
whitlch01,2016,1,26,0,0,0,5,1,0,0,0,43,13,4,2,3,15,0.224,2.51,0.0,0,0.0,0,61.0,0,7,0.0,0.0,0.0,524525.0,1989.0,6.0,220.0,76.0,1,low
wilheto01,2016,1,27,0,2,3,21,0,0,0,0,64,38,25,7,9,11,0.392,10.55,0.0,0,2.0,0,109.0,3,25,0.0,1.0,4.0,3100000.0,1983.0,12.0,220.0,78.0,1,mid
wilsoal01,2016,1,9,0,4,0,62,0,0,0,0,219,68,24,5,21,49,0.252,2.96,5.0,2,1.0,0,297.0,6,26,0.0,5.0,8.0,522500.0,1986.0,11.0,227.0,72.0,1,low
wilsoju10,2016,1,9,0,4,5,66,0,0,0,1,176,61,27,6,17,65,0.263,4.14,2.0,4,1.0,0,251.0,10,29,1.0,0.0,7.0,1525000.0,1987.0,8.0,205.0,74.0,0,mid
wilsoty01,2016,1,2,0,4,6,24,13,0,0,0,282,110,55,15,24,55,0.288,5.27,1.0,2,4.0,0,414.0,5,57,1.0,3.0,8.0,511500.0,1989.0,9.0,185.0,74.0,1,low
winklda01,2016,1,1,1,0,0,3,0,0,0,0,7,0,0,0,1,4,0.0,0.0,0.0,0,0.0,0,8.0,0,0,0.0,0.0,0.0,508500.0,1990.0,2.0,205.0,75.0,1,low
wislema01,2016,1,1,1,7,13,27,26,0,0,1,470,159,87,26,49,115,0.259,5.0,3.0,5,4.0,1,671.0,1,90,2.0,3.0,12.0,507500.0,1992.0,9.0,215.0,75.0,1,low
woodal02,2016,1,13,1,1,4,14,10,0,0,0,181,56,25,5,20,66,0.245,3.73,0.0,4,3.0,0,255.0,0,30,0.0,2.0,5.0,530000.0,1991.0,1.0,215.0,76.0,0,mid
woodbl01,2016,1,6,1,6,5,70,0,0,0,1,230,72,34,9,38,81,0.251,3.99,3.0,8,2.0,0,330.0,21,38,1.0,2.0,8.0,600000.0,1985.0,8.0,233.0,77.0,1,mid
woodtr01,2016,1,5,1,4,0,77,0,0,0,0,183,45,20,8,24,47,0.199,2.95,2.0,0,1.0,0,252.0,16,24,1.0,0.0,3.0,6170000.0,1987.0,2.0,175.0,71.0,0,high
worleva01,2016,1,2,0,2,2,35,4,0,0,1,260,84,34,11,35,56,0.261,3.53,0.0,3,3.0,0,365.0,13,37,0.0,3.0,12.0,2600000.0,1987.0,9.0,240.0,74.0,1,mid
wrighmi01,2016,1,2,0,3,4,18,12,0,0,0,224,81,48,12,26,50,0.282,5.79,0.0,2,9.0,0,328.0,5,53,1.0,5.0,10.0,510500.0,1990.0,1.0,240.0,78.0,1,low
wrighst01,2016,1,3,0,13,6,24,24,4,1,0,470,138,58,12,57,127,0.235,3.33,1.0,10,8.0,0,656.0,0,74,2.0,2.0,16.0,514500.0,1984.0,8.0,215.0,74.0,1,low
yateski01,2016,1,17,0,2,1,41,0,0,0,0,124,41,24,5,19,50,0.258,5.23,1.0,1,4.0,0,184.0,11,24,1.0,1.0,1.0,511900.0,1987.0,3.0,205.0,70.0,1,low
youngch03,2016,1,11,0,3,9,34,13,0,0,1,266,104,61,28,43,94,0.291,6.19,1.0,3,1.0,0,406.0,7,63,0.0,4.0,3.0,4250000.0,1979.0,5.0,255.0,82.0,1,high
zieglbr01,2016,1,0,1,2,3,36,0,0,0,18,115,41,12,1,15,27,0.281,2.82,5.0,0,2.0,0,165.0,30,13,1.0,1.0,10.0,5500000.0,1979.0,10.0,220.0,76.0,1,high
zimmejo02,2016,1,9,0,9,7,19,18,0,0,0,316,118,57,14,26,66,0.284,4.87,0.0,3,2.0,0,450.0,1,63,1.0,5.0,8.0,18000000.0,1986.0,5.0,225.0,74.0,1,high
zychto01,2016,1,23,0,1,0,12,0,0,0,0,41,10,5,0,10,21,0.208,3.29,2.0,0,1.0,0,60.0,3,6,0.0,1.0,1.0,511000.0,1990.0,8.0,190.0,75.0,1,low
